Time (s),X (km),Y (km),Z (km),Vx (km/s),Vy (km/s),Vz (km/s)
243.179193923682,-405.528518866021,2904.39477963322,5768.9912441019,0.939215523782394,-2.13746078237077,1.69136045380097
243.20489253611805,-405.50438213435785,2904.33984844884,5769.034706915331,0.9392307714354888,-2.1375703705400477,1.691142281708877
243.4253070954241,-405.2973475877481,2903.868593238153,5769.407253071564,0.9393615152723301,-2.138510202686033,1.6892710390642933
245.6294526884846,-403.22541975072954,2899.1446550447085,5773.110029725105,0.9406655551297081,-2.14789901813679,1.6705583036500926
250.3041175585244,-398.8216975154933,2889.0575112956494,5780.826561150824,0.9434099181592571,-2.1677524482675214,1.6308669455843423
255.55772781679917,-393.857365541019,2877.610586676023,5789.277300544106,0.9464580910515629,-2.189966604775411,1.5862473573656037
261.6709252070153,-388.06076261129056,2864.1442109733325,5798.815587079596,0.9499556131830365,-2.2156830830951724,1.5343036022145218
264.6417223260733,-385.2361381765961,2857.543370644171,5803.336181678657,0.9516358937694714,-2.2281289695277446,1.5090497369995104
266.11592065324675,-383.8326266346212,2854.2541224632887,5805.551581209886,0.9524649734699879,-2.2342925488507133,1.4965150363563724
266.7805100216123,-383.1995046463865,2852.768312868131,5806.544271254558,0.9528377083141435,-2.237068484908829,1.4908635415633122
267.1122869175637,-382.883344276345,2852.025875433317,5807.038437280633,0.9530235466725108,-2.238453664853295,1.4880420370603051
267.19458672215154,-382.80490872867756,2851.8416369973042,5807.160874048216,0.9530696206975718,-2.2387972049398557,1.4873421245578489
267.21375364968026,-382.7866412095075,2851.798725366809,5807.189380264779,0.9530803495435857,-2.2388772088408966,1.4871791199090891
267.232920577209,-382.7683734847034,2851.7558122028977,5807.217883357041,0.9530910778659665,-2.238957211369496,1.4870161149102497
267.2518453303879,-382.75033637106907,2851.713439742856,5807.246023247059,0.9531016701156136,-2.2390362017034517,1.4868551691276628
267.37516669173766,-382.63279432013184,2851.437287013015,5807.429319581289,0.9531706808372389,-2.2395509015745656,1.4858063725468242
268.47252835764397,-381.5864847893789,2848.97717771865,5809.054665662466,0.9537837976658323,-2.2441283720134364,1.476473104930536
277.62802420138564,-372.8309223852947,2828.2568095713737,5822.215884331205,0.9588313620904844,-2.282142929205582,1.3985535822987096
287.70583021341474,-363.140590550076,2805.0484617100815,5835.877571730499,0.9642477711539226,-2.323628560033094,1.3126664795850969
299.5399672953248,-351.6928173538276,2777.2643459600704,5850.8141916129525,0.9704224010038365,-2.3718762521748467,1.211625128476786
314.1819409473667,-337.42963522994404,2742.1024362846206,5867.637624459493,0.9777864899355032,-2.4308926683695713,1.0862833262325733
326.6402229092913,-325.2103227005323,2711.5079253969443,5880.504804334322,0.983813939037615,-2.480534614178613,0.9793051562679397
337.0953099295338,-314.8987671043118,2685.3576968288644,5890.273048245621,0.9887036561902955,-2.521799238201921,0.8892629454185795
339.3943387076901,-312.62449526984443,2679.549628709154,5892.294691241468,0.9897582285699544,-2.530825506195909,0.869427946262273
339.53859716476114,-312.48170951959315,2679.1844949144916,5892.420023772644,0.9898241515099815,-2.531391313094181,0.8681829098775043
339.5709072383334,-312.44972798996645,2679.102703427806,5892.448070321312,0.9898389124706601,-2.531518029643929,0.867904047553692
339.60321731190567,-312.417745983436,2679.020907846954,5892.476107859876,0.9898536719433533,-2.5316447427918924,0.8676251826009117
339.63326644845506,-312.38800152906344,2678.9448323378324,5892.5021753507945,0.9898673972783851,-2.531762586004605,0.8673658292138777
339.82502322076556,-312.1981793562592,2678.45927761932,5892.668339935626,0.9899549546116626,-2.5325145267642397,0.8657107276483027
341.6089166295055,-310.43148026891436,2673.935305824208,5894.198939309049,0.9907669976533178,-2.5395040663700676,0.8503090381203581
349.1422797184048,-302.9548929963057,2654.693430818258,5900.359387304676,0.9941463387991393,-2.5689076331059293,0.7851766940987024
355.37093953842236,-296.75415496748377,2638.6172330356453,5905.081966129341,0.9968786285061627,-2.5930798175529053,0.731208021447669
360.6339303417271,-291.5016165823258,2624.9163539178776,5908.810113454042,0.9991422833656962,-2.613403822386928,0.6855192354922275
363.35514253344917,-288.7811663126204,2617.790475183178,5910.6433753094525,1.0002957389387273,-2.6238743981191415,0.6618631198208254
363.98767994583284,-288.1483575501361,2616.130007858773,5911.060288416517,1.0005621230826067,-2.6263043671671964,0.6563610107585763
364.2669946070009,-287.86886947869203,2615.396292749179,5911.2432803061765,1.000679539008355,-2.627376908552919,0.653930995437903
364.40374580062496,-287.7320214295641,2615.0369599226115,5911.332624796701,1.000736977220764,-2.627901911786368,0.6527411801421652
364.4786694061843,-287.6570414285584,2614.8400572618057,5911.381506098008,1.0007684331598965,-2.6281895216556608,0.6520892756267246
364.4962634704352,-287.6394337794755,2614.7938161323855,5911.392977651909,1.000775818470535,-2.628257057021078,0.6519361884240079
364.51202388169526,-287.623661088868,2614.7523932435492,5911.403251353716,1.0007824336228124,-2.628317552808188,0.6517990551150195
364.5263373317031,-287.60933639654155,2614.714772558455,5911.412579955581,1.0007884410731542,-2.6283724936622597,0.6516745113076797
364.60162524638554,-287.5339879324245,2614.516876996182,5911.461618509997,1.0008200341903315,-2.628661466486756,0.6510194073276627
365.2465010487472,-286.8884961444646,2612.8209189313357,5911.879635718534,1.001090248115225,-2.631135761702148,0.6454073935134292
370.6865250793245,-281.4363966774738,2598.4508293181025,5915.261794199188,1.0033401925707095,-2.6519415689789327,0.5980112703729816
375.89684789631553,-276.2031749832097,2584.5817153357843,5918.259156927421,1.0054396360657183,-2.6717414360251843,0.5525201659182226
381.0906622401157,-270.9758174886795,2570.654270690611,5921.010861829753,1.0074636644869073,-2.6913157244119454,0.5070702058949487
381.61927033633214,-270.4432108185311,2569.231095836584,5921.277679043846,1.007664857054882,-2.6932962591971754,0.5024382090636325
381.8162718174317,-270.24469198697625,2568.700439838074,5921.376490050301,1.0077395762610504,-2.6940337214310914,0.5007116465644494
381.83960527712225,-270.22117783305254,2568.6375776920386,5921.388170999357,1.0077484166570878,-2.69412104510996,0.5005071359223284
381.85173777079297,-270.2089513038856,2568.604891010084,5921.3942427539405,1.007753012513707,-2.6941664480455993,0.5004007973772258
381.85444368740326,-270.2062244068833,2568.5976008066414,5921.395596764682,1.0077540374547762,-2.694176574101026,0.5003770805457791
381.85514022289635,-270.205522470336,2568.5957242161253,5921.395945292952,1.0077543012824923,-2.694179180658557,0.5003709755427881
381.85583675838944,-270.20482053360496,2568.5938476237934,5921.39629381697,1.0077545651033177,-2.694181787198042,0.5003648705351443
381.8565620891404,-270.2040895781298,2568.59189344991,5921.396656744691,1.0077548398283964,-2.6941845014879666,0.5003585131398306
381.86314920716956,-270.19745136983846,2568.574146457421,5921.399952475121,1.0077573346618682,-2.694209151183636,0.5003007781122233
381.90647587381443,-270.1537882483152,2568.4574118434734,5921.421620613404,1.007773740231931,-2.694371273893779,0.4999210220552601
382.23954360768255,-269.81811035843964,2567.559796229238,5921.587641976526,1.0078996120473702,-2.695616966565901,0.49700142020238514
385.57022094636375,-266.4590557959268,2558.560895747467,5923.194339427178,1.009131727791672,-2.7080074145784585,0.46777696909164096
389.5096981225867,-262.48085877673236,2547.864212618407,5924.96893259059,1.0105081718741098,-2.7224566639380274,0.4331369385805847
393.24567631922446,-258.7033653943756,2537.6680487370572,5926.52562357089,1.0116918671128379,-2.7358426422025266,0.4001985279322603
394.46067629003267,-257.4739457173512,2534.3414075594287,5927.0053451914355,1.0120407702256027,-2.7401007322899766,0.38946477942278573
394.6377609127808,-257.29472451034246,2533.85612331302,5927.074174813478,1.012089806765536,-2.7407165142842005,0.3878993663376213
394.66410852119776,-257.26805826884384,2533.7839107819505,5927.084391965491,1.0120970607911293,-2.7408080220330038,0.3876664336632082
394.6785345556767,-257.25345769312986,2533.744371429609,5927.089983534887,1.0121010279275207,-2.740858112654529,0.38753889423789417
394.6861270668896,-257.2457732968049,2533.723561333587,5927.092925673462,1.0121031145343136,-2.7408844721360412,0.3874717687575751
394.68892531246627,-257.24294118266585,2533.7158916521453,5927.094009880011,1.0121038833301663,-2.7408941863983993,0.387447029315399
394.68966872433793,-257.2421887725477,2533.7138540379087,5927.094297910289,1.0121040875558547,-2.740896767137751,0.38744045675948485
394.6904121362096,-257.24143636227774,2533.7118164217536,5927.094585935682,1.0121042917645668,-2.740899347831503,0.3874338841958464
394.6911410338153,-257.2406986418098,2533.7098185858595,5927.094868332963,1.0121044919773694,-2.740901878116239,0.3874274399493677
394.69631776178824,-257.2354592484946,2533.695629635923,5927.096873820965,1.0121059136730126,-2.740919847889729,0.3873816719250525
394.74368664236437,-257.1875166165557,2533.565791437426,5927.115213738059,1.0121189029081172,-2.7410842249072718,0.3869628680892793
395.11882299481164,-256.8078148971335,2532.5372673774336,5927.259755381357,1.0122204868917608,-2.7423825793152345,0.38364550022814664
398.06146078233775,-253.82813667929432,2524.4526914579083,5928.3503532436725,1.0129247441583957,-2.7523191222815657,0.3575790056109244
400.9064132970208,-250.9456843960953,2516.609452989719,5929.331697959676,1.01339561661152,-2.7613595029096847,0.33228950839306987
401.04003004314677,-250.81027673249022,2516.2404619406525,5929.376017885735,1.0134110505083003,-2.761765987774537,0.33109924513544214
401.0815687770615,-250.7681808235582,2516.12573906089,5929.389763642958,1.0134157076323116,-2.7618919727440576,0.33072916637310634
401.0913390650848,-250.75827945490093,2516.098754436188,5929.392994536924,1.0134167932284979,-2.7619215789243956,0.33064211701247065
401.0935100818837,-250.75607930975718,2516.092758250903,5929.393712345517,1.0134170339462627,-2.7619281562149465,0.3306227739409232
401.0945841825933,-250.754990797738,2516.089791660163,5929.394067462534,1.0134171529719074,-2.7619314101138164,0.33061320401987665
401.09494206773087,-250.75462811079367,2516.0888032057665,5929.394185783515,1.0134171926206186,-2.761932494269789,0.3306100153651275
401.0950079585672,-250.75456133588708,2516.088621219718,5929.394207567666,1.0134171999198618,-2.761932693874085,0.33060942829632983
401.0950738494035,-250.75449456098,2516.088439233656,5929.394229351778,1.0134172072268632,-2.761932893499527,0.3306088412300585
401.09513876446704,-250.75442877493734,2516.0882599426004,5929.394250813253,1.013417214425947,-2.7619330901695243,0.33060826285770073
401.0957879151025,-250.75377091448524,2516.0864670313413,5929.394465425939,1.0134172864082076,-2.7619350568461982,0.3306024791310767
401.09972170920753,-250.74978433868054,2516.0756021240563,5929.395765879085,1.0134177222805485,-2.7619469738225053,0.33056743015265067
401.11775941438174,-250.7315045906106,2516.025782446148,5929.401727107486,1.0134197135529774,-2.762001597028831,0.3304067167611561
401.28667937778897,-250.56031622943328,2515.5591821274843,5929.457412268948,1.013437771479241,-2.76251153082606,0.328901455192461
402.72027553311307,-249.10736871143038,2511.595816193587,5929.919759217956,1.013544869489967,-2.766713694618292,0.31611072496637754
405.75927885953706,-246.02723869187284,2503.175268230072,5930.839099081363,1.0134341182540456,-2.7746996638895864,0.2888907097862446
408.7294622738125,-243.01805289270808,2494.92433439888,5931.657444762955,1.012704350366785,-2.7808004248449842,0.26211871796029684
411.6623745149905,-240.0499904023978,2486.762558434206,5932.387203341922,1.0110855577084936,-2.784349954184087,0.23547756493460997
414.65562788588386,-237.02765712377908,2478.4273779816426,5933.051037902346,1.0080677309900345,-2.7841939293192195,0.20802797562430075
415.3229756879922,-236.35522724776783,2476.569578607276,5933.187809955334,1.0071455051581413,-2.7834672448234197,0.20186670590117342
415.99032349010054,-235.68344873096726,2474.712363976024,5933.320464858478,1.0061140801838744,-2.7824370923734953,0.19568903369806245
416.77588968541016,-234.8936052657014,2472.5271876255147,5933.471328224785,1.0047466827928684,-2.780798170078417,0.18839520135878884
417.14908913049237,-234.51876597753918,2471.4895695234964,5933.540989210888,1.0040343260943443,-2.779844912222318,0.18492160877983094
417.2358021084732,-234.43171059477817,2471.248531184946,5933.556989289232,1.0038627126477497,-2.779606442625233,0.18411371963020273
417.322515086454,-234.344670194943,2471.0075138083967,5933.572919299944,1.0036887466382376,-2.779361420017555,0.18330552684031107
417.365559503812,-234.30146887309593,2470.8878804801725,5933.580800942934,1.0036015079752916,-2.7792373342325716,0.18290422594688274
417.38721755162436,-234.27973330112903,2470.827688307176,5933.584760104568,1.0035573907011701,-2.779174279513184,0.18270228064347444
417.39887750047654,-234.26803201207107,2470.795283476021,5933.586889769937,1.0035335775577205,-2.7791401605145825,0.18259355233913532
417.4052832652617,-234.26160365397317,2470.777481018029,5933.588059229959,1.0035204765723382,-2.779121364681362,0.1825338166254792
417.4087061442037,-234.258168736855,2470.7679684392438,5933.588683966487,1.0035134707831423,-2.7791113063092725,0.18250189655214274
417.41212902314567,-234.25473384372307,2470.7584558949047,5933.589308593756,1.0035064613327618,-2.779101237735497,0.18246997601787415
417.423731426501,-234.24309089494076,2470.726211839695,5933.591425056315,1.003482674479847,-2.7790670329232343,0.18236177277320095
417.47260523368266,-234.19404933300697,2470.5903917973237,5933.600326631208,1.0033820129962219,-2.778921661449041,0.18190592092677574
417.93485919389,-233.7304581318369,2469.306158927765,5933.683416109102,1.002392233705505,-2.7774416123806955,0.1775897665997712
420.4864336018065,-231.18098589846446,2462.2331810358132,5934.1060133606115,0.9955418361512041,-2.765401196304868,0.15361053285644996
422.49297627300456,-229.1904652893089,2456.6984593069287,5934.39516206013,0.9881553166602853,-2.7503410075356434,0.13456872896133998
424.2987880708235,-227.4134536915005,2451.748047750098,5934.6225947547,0.9796185669415531,-2.731490492226487,0.11730180591739031
426.1045998686424,-225.6537502949323,2446.836993115292,5934.818750298307,0.968923495251698,-2.7065741917942203,0.09993286882690537
427.55779246583654,-224.253088570404,2442.9215343646442,5934.953783711927,0.9584872191718975,-2.681370028329194,0.08590596110550633
429.01098506303066,-222.86891708884102,2439.046438836519,5935.068419329725,0.9461933487785288,-2.6509226478156895,0.07186538790976546
430.5252787917711,-221.4471699077462,2435.0600539095867,5935.166180958122,0.9311837195876642,-2.612975324327389,0.05726194638452684
432.2760013464927,-219.8343062427172,2430.530072501788,5935.251723346578,0.9107559463669554,-2.560384506855201,0.04048771913275523
434.49150115545365,-217.8497457201237,2424.9442964037935,5935.318191927372,0.8797858346766612,-2.4792685450775904,0.019596642723279344
436.1789373986774,-216.38795571452354,2420.821067140199,5935.338118627623,0.8521895370460805,-2.4060404265710926,0.0040932675749822504
437.8663736419012,-214.97565920073797,2416.8297959617526,5935.332289282541,0.8211417664483079,-2.322908992967661,-0.010906631192887432
438.1804647878591,-214.7187083769231,2416.1027791541974,5935.328435062577,0.8149939789118226,-2.306373344291267,-0.013631610770293944
438.49455593381697,-214.46370610578384,2415.381006835686,5935.323728584354,0.8087345371754562,-2.289515191475999,-0.016333301493256177
438.78751569333525,-214.22764679258924,2414.7126094415853,5935.3185771341705,0.8027974286068352,-2.2735055163411664,-0.018831443240574994
438.84610764523893,-214.18064442303583,2414.5794950229656,5935.317459197634,0.8015987320928637,-2.270270942641439,-0.019328482672227837
438.86073497703853,-214.16892136500527,2414.5462929339137,5935.317175566923,0.8012988993468246,-2.2694617561174684,-0.01945243082709397
438.87536230883813,-214.15720269442286,2414.513102686012,5935.31689012358,0.8009988348741418,-2.2686518983269037,-0.019576324275695837
438.88492232496856,-214.14954607058564,2414.4914168688347,5935.316702586674,0.8008025960052569,-2.2681222354552117,-0.019657267974815113
438.8866707683566,-214.1481459439665,2414.487451270221,5935.316668204114,0.800766694941333,-2.2680253337755008,-0.019672069336091166
438.8872149205965,-214.14771020801598,2414.486217127361,5935.31665749826,0.8007555211030634,-2.267995173987095,-0.019676675670099883
438.88771823001167,-214.1473071828239,2414.485075631057,5935.316647593731,0.8007451856348149,-2.2679672770192156,-0.019680936194915493
438.8896816879261,-214.14573499293692,2414.480622679604,5935.316608934725,0.8007048629124843,-2.2678584394075423,-0.019697556275187215
438.9036925457644,-214.13451844734547,2414.4488534801735,5935.316332124382,0.8004169855524158,-2.2670813846249214,-0.019816124726558863
438.9472601504613,-214.09966572271554,2414.3501348856707,5935.315460757049,0.7995202213988472,-2.2646604882042363,-0.02018449186295415
439.3160249661418,-213.80624276026555,2413.5188218586554,5935.307445148207,0.7918339226795053,-2.243892432599299,-0.023282148816694898
440.7239526294604,-212.71285330710836,2410.417708992978,5935.266522913968,0.7609617525516763,-2.1601803644608406,-0.03475056761649519
442.1641831948669,-211.64103316956252,2407.3722857007524,5935.208413488302,0.7270769490135783,-2.0678384011072146,-0.04582628781242555
443.58019575263586,-210.6362321836902,2404.511891482608,5935.136237964284,0.6918370335380376,-1.9713904120530512,-0.055989947986114785
443.6032598339126,-210.62028237183162,2404.4664417485656,5935.134944771038,0.6912495864804187,-1.9697795184971982,-0.056149168330605
443.62632391518935,-210.60434611339255,2404.421029181725,5935.133647907918,0.6906617501747384,-1.968167462013918,-0.056308180826277344
443.6347645411888,-210.59851740414285,2404.4044191071807,5935.13317238623,0.6904465263022348,-1.9675772176708612,-0.05636632169920923
443.6394062058,-210.5953128576649,2404.3952870270864,5935.132910678491,0.690328148442311,-1.9672525648714532,-0.056398282618148596
443.64231134646036,-210.59330746492395,2404.389572176856,5935.132746804495,0.690254049753801,-1.967049346304861,-0.0564182821354993
443.6452164871207,-210.59130228745934,2404.3838579170315,5935.132582872403,0.690179944458952,-1.966846108057216,-0.05643827830960903
443.64797872505466,-210.5893959435577,2404.3784252870155,5935.132426950195,0.6901094770839086,-1.9666528454500778,-0.05645728768327026
443.6548399649056,-210.58466153747798,2404.3649332572586,5935.13203942125,0.689934409252475,-1.9661727007751022,-0.05650449236962685
443.6745478151322,-210.57106937038952,2404.326197815483,5935.1309245038965,0.6894313090814765,-1.964792834987559,-0.05663997339230006
443.72080766021514,-210.53920372456827,2404.235381794151,5935.128297002991,0.6882489705115299,-1.9615496972132445,-0.05695736001620316
443.9566563516004,-210.37759455111055,2403.774710404055,5935.114674030239,0.6821905329180389,-1.944924815664296,-0.05856179480897344
445.37100965824214,-209.4389257476616,2401.095882080944,5935.025291349728,0.6449011555609642,-1.842371308402426,-0.06768851365676713
446.78514513663737,-208.55408720919004,2398.5653730624513,5934.92363527779,0.6063544134478825,-1.7359970923555683,-0.07593334177446565
448.38324133686984,-207.62045954922618,2395.888987178309,5934.79555558886,0.5619965193355448,-1.6132033170175384,-0.0841648606135601
449.7041398853332,-206.90238799768318,2393.8254420059525,5934.680372487321,0.5252910734281965,-1.5113289924171374,-0.0901089345996202
451.0250384337965,-206.23253578307947,2391.895865536694,5934.55783368252,0.4890641918718672,-1.4105798722310614,-0.09530957601014502
452.37638725906004,-205.59616946184656,2390.0580005793527,5934.42584734531,0.452955826485713,-1.3099842682396423,-0.09991564946130845
453.8003315153103,-204.9774238327654,2388.265849055548,5934.280537770328,0.416389085489302,-1.2079549014168256,-0.10406603182292903
455.4049699823549,-204.34085871570892,2386.4157602157575,5934.110299200119,0.37744986227680316,-1.099156518542533,-0.10799611984274528
457.05294165184574,-203.74984585193528,2384.6911211861793,5933.929474660008,0.34031507473352585,-0.9952804839235925,-0.11135263317142029
458.47205438669874,-203.2881095903905,2383.338075128503,5933.769671151521,0.3108119100177532,-0.9126865365686248,-0.11380409940265322
459.89116712155175,-202.8665897275819,2382.0976438373723,5933.6066217049,0.2836356979357799,-0.8365698503040511,-0.11594075744579119
461.21387670620436,-202.5070263476626,2381.034820407306,5933.45207230318,0.2603676762727545,-0.7713826985793162,-0.11771521013936542
462.4787846503316,-202.1908042046095,2380.095848421448,5933.302180249192,0.2399100704400113,-0.714065979825303,-0.11926496168372644
463.70758974801976,-201.90738781814503,2379.250299365583,5933.154755822999,0.22163226005463277,-0.6628621967699291,-0.12066839219213225
464.90579118176964,-201.6517873742464,2378.4839523729806,5933.009387375922,0.20523471786208705,-0.6169376538391431,-0.12196622999768383
466.0661433031815,-201.42224381079143,2377.792168707276,5932.86715832176,0.19060807595739085,-0.5759885346048302,-0.12317529824260241
467.17205674588615,-201.21865848391224,2377.175354528366,5932.730314833128,0.17773495888000881,-0.539965995835681,-0.12429638230694685
468.33597143607295,-201.01916798609042,2376.5675155105355,5932.584969542786,0.165228509842513,-0.5049899673413054,-0.12545268140199328
469.65442449905953,-200.81001183752323,2375.925997735361,5932.418714471051,0.15224731483338327,-0.4687131849574173,-0.12674123459777786
471.1315824850817,-200.5950253066943,2375.2612982109367,5932.2304443825515,0.13906082403468958,-0.4318973507043668,-0.12816385164284175
472.7954843377055,-200.37493522949217,2374.574164302174,5932.015876203503,0.125741023044608,-0.3947520965961052,-0.1297411476436621
474.70485640595524,-200.14804313515805,2373.857189649674,5931.766454182184,0.11221204528761786,-0.3570748160645092,-0.13151150963031827
475.16256807817604,-200.097370746736,2373.695667778512,5931.706164384648,0.10921939401180747,-0.34874806588253565,-0.13192797995251976
475.62027975039683,-200.04804744844037,2373.537898987163,5931.645684784266,0.10631656597401862,-0.34067394216358426,-0.13234081380894402
476.26450029178756,-199.98083411208768,2373.3219833739336,5931.560242686602,0.10237691738186808,-0.32972020100779625,-0.13291509413200608
476.2746531540879,-199.97979500182942,2373.318636627653,5931.5588931723505,0.10231615571415852,-0.32955129848381487,-0.13292407703303724
476.2784974210413,-199.97940171541674,2373.3173698673613,5931.5583821701775,0.10229315955315112,-0.32948737510229037,-0.13292747773772756
476.2800558719438,-199.97924230381312,2373.316856397654,5931.558175008156,0.10228383865057981,-0.32946146545055094,-0.13292885628114065
476.2815099652498,-199.97909357989045,2373.316377347517,5931.557981716261,0.1022751427721153,-0.3294372932322584,-0.13293014248708349
476.28733343855805,-199.9784980847122,2373.314459160058,5931.5572075861255,0.10224032536579224,-0.32934051049852664,-0.1329352934765816
476.30713707263607,-199.97647452636227,2373.307940277909,5931.55457481078,0.10212202584057421,-0.32901167482849986,-0.13295280883974855
476.3593853496128,-199.97114696508208,2373.2907726069716,5931.5476270485815,0.10181067296334667,-0.32814624228244976,-0.13299900940634507
476.5254305621185,-199.9543234891405,2373.2365125652914,5931.5255310166185,0.10082845036980796,-0.32541636384759726,-0.13314572606478609
477.32827564264403,-199.875236022491,2372.980427352473,5931.418351700172,0.09623071266119969,-0.31264389978655505,-0.13385207591993448
479.8927033338342,-199.64580141187676,2372.2267973373905,5931.072258040617,0.08307127488765662,-0.2761399666232901,-0.13604706705118585
482.32599945988227,-199.45694614428768,2371.5916572592787,5930.738826094108,0.07242362529247282,-0.246651420004794,-0.13797971971559575
484.6815121621502,-199.29708396084055,2371.040374283601,5930.411811908057,0.0635202453334596,-0.22200664535247538,-0.13963853052018974
487.0466799720407,-199.15625825180044,2370.541353830848,5930.0798376228495,0.05574018281412498,-0.20045365271086796,-0.14103036395509672
489.4534316689318,-199.03060876369548,2370.082513799579,5929.739040886762,0.04882961723691433,-0.18126149925416338,-0.14210948481737695
491.91525790923583,-198.91817145130057,2369.6579446537294,5929.388236158178,0.04265409723551553,-0.164032138299598,-0.14281605051311677
494.43585040264213,-198.81777355818065,2369.264451541794,5929.027810419732,0.03713355259847531,-0.1485215780766052,-0.14309165355442457
497.01147566781754,-198.7286092072144,2368.9002609607714,5928.659413375423,0.03221718687093159,-0.13457257058390848,-0.14289117189825262
499.6363916291053,-198.64989210807596,2368.563792598767,5928.28514691389,0.027862783148296603,-0.1220588593008657,-0.14219164220192412
502.3075779559973,-198.5807138373613,2368.253032355887,5927.906821716411,0.0240268248275155,-0.11085771766498771,-0.1409937215497104
505.03493737883775,-198.51990019632922,2367.964674941429,5927.524475890216,0.020654277163687562,-0.10081807990117654,-0.1393118349293956
507.85937903424775,-198.46589130574836,2367.6930494121316,5927.13396171806,0.017670390000034956,-0.09172927642214591,-0.13714757872935357
510.9117046083032,-198.41622695310247,2367.4263714431136,5926.719421622199,0.014953458905685016,-0.08322123906820499,-0.13441477414104316
514.2861808786033,-198.37008750409626,2367.159459338959,5926.271453951349,0.012477983420091036,-0.07519858801863481,-0.13103684852992004
516.9335766473694,-198.33924280853157,2366.967697605651,5925.928266498028,0.010868804488152266,-0.06979012443409553,-0.12820684182640724
519.5805787259367,-198.31232191609678,2366.7893614791333,5925.5927592616645,0.009510680454165714,-0.06506171320668257,-0.12528127470386857
522.0058893156825,-198.29056750840365,2366.6362779513142,5925.292210668742,0.008456993691184932,-0.06125506513587641,-0.1225583463921899
524.2977356569635,-198.2721850312849,2366.4996165246157,5925.014284065773,0.007606514724081965,-0.058065780996194825,-0.11997756272115515
526.5044138283777,-198.2561949602574,2366.3745623992704,5924.752262659117,0.006903571830123807,-0.05532673389775435,-0.11750657030826148
528.6502159092317,-198.24202839933562,2366.25844881786,5924.502670568248,0.006314929729768462,-0.052939980461867035,-0.11513205421929214
530.7484330465346,-198.22931225089818,2366.1496102595215,5924.263501805121,0.005818054431798232,-0.05084012884785839,-0.11284831645013473
532.8082421697138,-198.21777318493156,2366.0468388009513,5924.033326908918,0.005396070099506311,-0.04897820847361992,-0.11065109546130883
534.8355214414242,-198.2072074293362,2365.9492573998723,5923.811157222344,0.005036008457619581,-0.0473167125528861,-0.10853752570498085
536.8342278339918,-198.19745733301497,2365.856198041621,5923.596262366415,0.004727555794994915,-0.045825765161756626,-0.1065051751712629
538.8076028090302,-198.18839580305712,2365.7671133247873,5923.3880244382535,0.004462273280618483,-0.04448065744001001,-0.10455118824299765
540.7566628219801,-198.17992658281517,2365.681622313309,5923.186085828794,0.004233391035811878,-0.04326179988373137,-0.10267403721808525
542.6830525530354,-198.17196651942436,2365.599366395457,5922.990040740764,0.004035139629274294,-0.0421520334418191,-0.10087089670636622
544.587784267168,-198.16444831347823,2365.520056962674,5922.799566097758,0.0038627332659806873,-0.04113702324663411,-0.09913909082180324
546.4705423325798,-198.157320273565,2365.443493668577,5922.614483707801,0.003712242792374774,-0.04020511281585833,-0.09747679162343784
548.330997165113,-198.1505389191864,2365.3695018247704,5922.434623459404,0.0035803358058474626,-0.039346241327761246,-0.09588187578186835
550.1685148642771,-198.14406867931422,2365.2979399950477,5922.25985102343,0.003464209843549208,-0.03855186068549246,-0.09435227158321803
551.9829881856167,-198.137877840084,2365.228664399483,5922.089988645234,0.0033614649937385647,-0.037814388842468134,-0.09288534615029416
553.774467978461,-198.13193909115168,2365.1615419377085,5921.924852798626,0.0032700736971678955,-0.03712725014289706,-0.09147831756092863
554.2469868771979,-198.13039928564226,2365.1440400513125,5921.881713771333,0.003247459030255769,-0.03695226337141383,-0.09111389729073885
554.5253348783518,-198.12949718271523,2365.133768666847,5921.8563821192,0.0032344091410359786,-0.036850344522349254,-0.09090051731135076
554.6098077982371,-198.1292241284839,2365.1306571105038,5921.848706214831,0.003230487735495747,-0.03681958172375916,-0.0908359491461662
554.6244091580689,-198.129176963906,2365.1301195333085,5921.847379967871,0.003229811731255048,-0.03681427214247843,-0.0908247972423237
554.629225077268,-198.1291614099303,2365.1299422429643,5921.846942571842,0.0032295888844458475,-0.036812521407992176,-0.09082111962212748
554.6336154747354,-198.12914723119732,2365.1297806248667,5921.846543838388,0.0032293857807054517,-0.03681092560776938,-0.09081776725675372
554.6492084833784,-198.12909688097852,2365.1292066759625,5921.8451278089715,0.003228664849161249,-0.03680525990166296,-0.09080586353782476
554.6844905579982,-198.1289829957288,2365.127908336036,5921.841924464666,0.0032270359949316016,-0.03679245149018928,-0.09077894411044479
554.7843681212406,-198.1286609168321,2365.1242354031497,5921.832861486267,0.00322244285767716,-0.0367562776876491,-0.09070285178992263
555.1216712662025,-198.12757656862456,2365.1118578837495,5921.802310316611,0.003207123588164525,-0.036635025634192804,-0.09044708588381516
556.8250545830344,-198.12217684113426,2365.049963245575,5921.649327409229,0.0031340242781932996,-0.03604305254425439,-0.08918271665909872
559.2620323285256,-198.11465585672138,2364.9631064732353,5921.434123347281,0.0030403193022451994,-0.035248947392854627,-0.08744627683120167
561.4865169578557,-198.1079789798984,2364.88545768476,5921.241300348716,0.0029640931757189616,-0.03457071839384756,-0.08592796067799019
563.5180705829673,-198.10202240485725,2364.815825610821,5921.068098177083,0.0029008969910891014,-0.03398482096018663,-0.08459176317462815
565.4232908188358,-198.09654820773918,2364.7515797800966,5920.908093383106,0.0028463241518198335,-0.0334609671962966,-0.08337916931575624
567.2340422422911,-198.09143840957685,2364.691425291476,5920.758131831644,0.0027980611194071826,-0.032983671943128075,-0.08226082384982357
568.9715502201046,-198.0866148824738,2364.6345012312563,5920.616113624052,0.002754609759602112,-0.03254279132867913,-0.08121733582774494
570.6495297206826,-198.08202625884152,2364.580242011753,5920.48065958192,0.0027149715522351587,-0.03213158541593841,-0.08023585003657621
572.275865603961,-198.07764072163008,2364.528300710136,5920.350926600931,0.002678475630336221,-0.03174565217727535,-0.07930814373624581
573.8590455746058,-198.07342725550308,2364.4783316372514,5920.226068195012,0.002644563662749709,-0.03138105218937983,-0.07842646883356222
575.4033348897191,-198.06936792990618,2364.430138421826,5920.1056064029035,0.002612859328555422,-0.031035268751450042,-0.07758605734795446
576.9148941905731,-198.06544113667346,2364.38347694305,5919.988940720081,0.0025830116316680166,-0.03070567745831067,-0.07678155338556264
578.3966740261342,-198.06163471625885,2364.338212271772,5919.875741243881,0.002554783542851102,-0.03039061427833862,-0.07600969511605628
579.8531288638403,-198.05793343788523,2364.2941707424543,5919.7655794730235,0.002527945728990017,-0.03008828196518577,-0.07526671245918262
581.2837442695637,-198.05433529264312,2364.2513343614883,5919.658415002074,0.0025023877536766823,-0.029798055194318246,-0.07455157759633517
582.6912304214359,-198.05083048772366,2364.2095912850564,5919.553971719175,0.0024779597691883524,-0.02951873932577868,-0.07386176052400108
584.0781888728282,-198.04740997797984,2364.1688375409644,5919.451992403896,0.002454532641929823,-0.02924926755999229,-0.07319495862871984
585.4473139191517,-198.04406491092172,2364.128970645718,5919.352222933679,0.002431991143452676,-0.028988646393361288,-0.07254898087011477
586.7973266528167,-198.0407963937108,2364.0900062227684,5919.254704294929,0.0024102961066884395,-0.0287366970989037,-0.07192360392457502
588.1306748482285,-198.037596642301,2364.0518534575153,5919.159210739336,0.0023893557406933627,-0.028492580717632433,-0.07131692649809333
589.4510298905053,-198.0344552850694,2364.0143902598284,5919.065437910227,0.002369069044769787,-0.02825530334763684,-0.07072662441813982
590.7555103498696,-198.03137772603367,2363.9776823712705,5918.973551368615,0.002349442083052459,-0.02802508856337516,-0.07015337481905519
592.048491811805,-198.02835230790708,2363.9415918105337,5918.88320654718,0.0023303754286945694,-0.027800897022464,-0.06959468990188293
593.3295403807224,-198.02537888933304,2363.9061177506965,5918.794402043353,0.0023118469452079946,-0.027582572355604493,-0.06905026188087467
594.5984263589287,-198.02245688237062,2363.871253892901,5918.7071226444805,0.002293833872379468,-0.027369933910509642,-0.06851970910149682
595.8587859269172,-198.01957693306466,2363.8368892136655,5918.621090863238,0.0022762621783286295,-0.027162179883195997,-0.06800108759291669
597.1069106567816,-198.01674657548278,2363.803114096699,5918.536533350771,0.0022591631098064645,-0.02695974025254937,-0.06749551816613608
598.3469236097653,-198.0139555679865,2363.76980672941,5918.453145456369,0.0022424615511193865,-0.02676177654531096,-0.06700094661759422
599.5793885403792,-198.01120190155478,2363.7369434623347,5918.370868224512,0.0022261343334624554,-0.026568055693107637,-0.0665168231545297
600.8049362365175,-198.0084834830306,2363.7044995853853,5918.2896400003965,0.002210159087655789,-0.026378347100567603,-0.0660425986867491
602.019361614727,-198.0058088962151,2363.6725777754177,5918.209718030308,0.0021945765493274934,-0.026193164470116128,-0.06557958071906053
603.2275228486708,-198.00316673869176,2363.641042133766,5918.1307622164895,0.0021793114558313225,-0.026011638522537236,-0.06512561536639165
604.4290952935775,-198.00055714482937,2363.6098944196387,5918.052777084141,0.0021643571428427186,-0.025833710558769884,-0.06468057184426902
605.6237104098376,-197.99798034254331,2363.579137484089,5917.975769872949,0.0021497079206895023,-0.02565933030561493,-0.06424433797438533
606.8083762844193,-197.99544215823232,2363.548840982938,5917.899915069107,0.0021353899380998262,-0.025488824006315604,-0.06381774155154517
607.9864171360481,-197.99293486902826,2363.518912826582,5917.824982175477,0.0021213531685686186,-0.02532160848866583,-0.06339933329470335
609.1605944933979,-197.99045214254946,2363.4892775032927,5917.750782186707,0.0021075569222653045,-0.025157209198612192,-0.06298793368080244
610.3264454558758,-197.98800293913905,2363.4600420321535,5917.6775831027135,0.0020940458627201224,-0.024996167026738368,-0.06258490299785521
611.4913367238771,-197.98557137783487,2363.4310168984075,5917.604910461234,0.002080727901578984,-0.024837391545820087,-0.062187517895365585
612.6474646751693,-197.9831733459899,2363.402391790216,5917.533239234084,0.002067685786340931,-0.024681875342051556,-0.06179826735337959
613.7982702050437,-197.98080123001552,2363.3740758624085,5917.46234199333,0.002054873550841433,-0.02452907559717082,-0.061415796830545974
614.9432690791042,-197.97845562143468,2363.3460762067452,5917.392236519146,0.0020422904081693507,-0.024378987282564456,-0.06104009712412725
616.0835794653718,-197.97613384545937,2363.3183609197717,5917.322842951634,0.0020299182933615537,-0.024231398580341214,-0.060670640853532555
617.2174956961804,-197.9738389901035,2363.2909668849516,5917.254253656349,0.0020177700623747693,-0.02408646594042698,-0.060307822056730326
618.3451936077934,-197.97157029672005,2363.2638850643666,5917.186446018216,0.0020058381063316924,-0.023944101212705717,-0.05995142210187246
619.4697597298353,-197.9693212212561,2363.237037355278,5917.11922449462,0.001994084903886699,-0.02380385887746263,-0.05960032734084815
620.5894778920207,-197.96709489371625,2363.210461133547,5917.052682677115,0.001982523977820074,-0.02366590209520704,-0.059254947643858656
621.7023538890433,-197.96489492017704,2363.1841994563674,5916.986928380947,0.001971170978990223,-0.02353041918590254,-0.058915755686265864
622.8105087701322,-197.96271675945607,2363.158198123237,5916.921825905104,0.0019599995330472756,-0.02339709671509789,-0.05858196777638785
623.9162402390331,-197.96055562899667,2363.1324000505415,5916.857232328438,0.0019489826914805561,-0.023265614140274338,-0.058252782228011175
625.0164032823101,-197.95841740171258,2363.106875351056,5916.793323204966,0.0019381479892932331,-0.023136300986757972,-0.0579290247567419
626.1151156468195,-197.95629382203555,2363.0815254804475,5916.72985180181,0.0019274513585807273,-0.023008632057870387,-0.05760938103163987
627.2047611231953,-197.95419930844247,2363.05652256111,5916.667249085037,0.00191696297631607,-0.022883445597559,-0.05729595026331162
628.2891373953204,-197.9521262056932,2363.031775213516,5916.60528625995,0.00190664182311718,-0.0227602525714476,-0.05698750848687823
629.3722920527656,-197.95006654958132,2363.0071883690616,5916.543725294423,0.0018964462995863358,-0.02263855689549447,-0.05668281398873443
630.4506370513944,-197.9480269488522,2362.982840921091,5916.4827637248445,0.0018864072736761665,-0.022518727388612277,-0.056382790485786836
631.5265276898576,-197.9460027202539,2362.9586769659804,5916.422261580322,0.0018764998070508066,-0.022400466695398656,-0.056086693720163755
632.5953656713538,-197.94400225883138,2362.9347967201734,5916.362469785924,0.0018667629930207569,-0.0222842417247093,-0.05579569293117166
633.6597308122583,-197.9420204556995,2362.9111391984857,5916.303235646973,0.001857169880311001,-0.022169730998957887,-0.055508983391201853
634.7227555281333,-197.94005128590058,2362.8876324799257,5916.244379087273,0.0018476897053392735,-0.022056567485878663,-0.05522564627649097
635.7818072369404,-197.9380994446021,2362.8643326134443,5916.186040443986,0.0018383435573750832,-0.021945003080337387,-0.05494631239813045
636.8343334828223,-197.93616938582142,2362.8412927691725,5916.128352846141,0.0018291509279987274,-0.02183527058751982,-0.054671564756560084
637.8854647428967,-197.93425149182198,2362.818398137231,5916.071028831128,0.0018200644048481666,-0.021726804157120416,-0.05439998666525239
638.9364609864414,-197.93234334479686,2362.795619855888,5916.013996134824,0.0018110714083543354,-0.021619453715245342,-0.054131202438689976
639.9802504811989,-197.93045758948196,2362.7731088706773,5915.957632697913,0.0018022300524621353,-0.021513913053165683,-0.05386694925351804
641.0209638932611,-197.92858653341514,2362.7507733541356,5915.901708601351,0.0017935026380682354,-0.021409732217963908,-0.05360610056778107
642.0576569763439,-197.92673169080444,2362.7286313822806,5915.846269104477,0.001784894848431464,-0.021306979106627412,-0.05334882642497433
643.0926997120637,-197.92488865959027,2362.706630406304,5915.791182634784,0.0017763850012756548,-0.021205394938508138,-0.05309447892318116
644.1259914252732,-197.92305748916593,2362.684771016059,5915.736450669332,0.0017679722441860798,-0.021104969575696728,-0.0528430327081652
645.1567502911926,-197.92123942634746,2362.663068095462,5915.682110474909,0.0017596611980132465,-0.021005758210347253,-0.05259462599538552
646.1849805772108,-197.91943431764653,2362.641519812423,5915.628157464416,0.0017514500349564714,-0.02090773905034081,-0.05234920424230374
647.2020519126067,-197.91765706567423,2362.6203040653354,5915.575037063422,0.0017434049479006287,-0.020811702284176736,-0.052108745952504705
648.2188143481216,-197.91588849375265,2362.599191934861,5915.522176099319,0.0017354377021104532,-0.020716594645293462,-0.051870613956628016
649.2324163869804,-197.91413344452798,2362.5782412296408,5915.469719314577,0.0017275691776544866,-0.020622665401270016,-0.051635432386632464
650.2484054366828,-197.91238222878292,2362.557336285792,5915.417377107768,0.0017197551668289334,-0.020529386842413778,-0.05140187996422294
651.262187918566,-197.91064269297024,2362.5365707695373,5915.365384002255,0.0017120299835308528,-0.020437168596177963,-0.051170982329690556
652.2684018387306,-197.90892385274515,2362.516052304318,5915.314009467759,0.0017044324507020597,-0.02034647411530456,-0.05094389989141174
653.2772467416069,-197.9072081581003,2362.4955713889053,5915.262728951041,0.0016968840620980444,-0.02025636625024073,-0.05071828620381991
654.2774502416315,-197.90551464325188,2362.4753552421903,5915.212111367234,0.001689467600298458,-0.0201678332132585,-0.05049661557552522
655.2802915573119,-197.90382407617244,2362.455174283998,5915.161581889026,0.0016820978997887385,-0.02007985835766222,-0.05027634251225391
656.2794687089604,-197.90214700358214,2362.4351544146625,5915.111455748158,0.0016748202696993493,-0.019992982559739022,-0.05005882127338686
657.2752189257269,-197.90048288533862,2362.415289186315,5915.061716800346,0.0016676314128572728,-0.019907166463721607,-0.04984395332218893
658.2694274940496,-197.8988284539651,2362.3955395938297,5915.012267383807,0.0016605163863858392,-0.019822231693991027,-0.0496312920408736
659.2600122142525,-197.89718705756067,2362.3759456047846,5914.963207570157,0.0016534887719649133,-0.019738340382830104,-0.049421243381346715
660.2499381236825,-197.89555367729392,2362.356447307445,5914.9143873512285,0.0016465263234536575,-0.01965522697175326,-0.04921314243491189
661.238706427592,-197.89392905777504,2362.3370535905224,5914.865828982762,0.0016396315878060188,-0.019572921866505163,-0.04900706533343594
662.2243817356813,-197.8923162767032,2362.3178011937207,5914.817624454353,0.0016328169017667375,-0.01949157233705926,-0.04880338081548134
663.2019989109172,-197.89072328746246,2362.2987850596955,5914.770011485288,0.0016261148559041931,-0.01941156743089722,-0.04860306298665217
664.1785426503056,-197.88913856124125,2362.2798675645313,5914.7226454901165,0.0016194760430539468,-0.019332317356727368,-0.04840463511696609
665.1562148686058,-197.88755847102394,2362.2610054111324,5914.675418060724,0.0016128847851306046,-0.019253634960025696,-0.04820762860595466
666.1306621978168,-197.88598997849934,2362.242281703898,5914.628537275537,0.0016063695567396965,-0.01917586015389212,-0.048012894535184494
667.1050385299661,-197.88442792218189,2362.2236348281635,5914.5818488625555,0.0015999083117779543,-0.019098729766051696,-0.04781977396926838
668.0739544285415,-197.8828808370517,2362.2051666693205,5914.535607924419,0.0015935356693520372,-0.019022657058721235,-0.047629301642581785
669.0436777185912,-197.88133861992642,2362.1867566217416,5914.489512486397,0.001587209377325872,-0.018947137652166955,-0.04744021467964861
670.0128205538964,-197.87980343041565,2362.16843046553,5914.443627097218,0.0015809378693822712,-0.01887227222287622,-0.04725276515648361
670.9786333268612,-197.8782795383816,2362.150239171699,5914.398079379107,0.001574738006774524,-0.0187982620504783,-0.047067457041177624
671.9434609772704,-197.87676315560464,2362.132137518794,5914.352756105699,0.001568593790871485,-0.01872491615333138,-0.046883812150354316
672.902742278855,-197.87526134365362,2362.1142098035193,5914.307868340735,0.001562533175997621,-0.018652568233294024,-0.046702666013408466
673.8642115845239,-197.87376191702128,2362.0963105627206,5914.263051870719,0.0015565064616569245,-0.018580624996356182,-0.04652253312932513
674.8241950598668,-197.8722705659777,2362.0785077233722,5914.218476772543,0.001550536157365558,-0.018509355147515227,-0.046344086287037296
675.7803147252109,-197.87079089209865,2362.060844278891,5914.174250693965,0.0015446361016398546,-0.018438923882650164,-0.04616773910731046
676.7349948487823,-197.86931905269293,2362.043274357573,5914.130258780515,0.0015387904057530724,-0.01836914153193383,-0.04599301669119366
677.6891064766942,-197.8678536440774,2362.0257812031045,5914.086459077406,0.001532993058545648,-0.018299936337889393,-0.04581973937097211
678.6381808935449,-197.866401438696,2362.0084456607924,5914.043054006704,0.0015272702979650047,-0.018231621513192305,-0.04564869137472853
679.5873651926014,-197.8649544768316,2361.991172712388,5913.999805659853,0.0015215902361127712,-0.018163816399619732,-0.04547891960299095
680.5380246455588,-197.86351064975338,2361.9739371851483,5913.956651008847,0.001515944309522126,-0.018096418771771785,-0.045310168101834
681.4875452279737,-197.86207388987418,2361.95678602182,5913.913707589856,0.001510347571708976,-0.0180296083293758,-0.04514288680698424
682.4387413788735,-197.8606399029005,2361.939667959746,5913.870847050434,0.0015047829820751789,-0.017963181652195123,-0.04497656639089063
683.3837010530808,-197.85922053934175,2361.9227244630824,5913.828423591308,0.001499296050475022,-0.017897682009139694,-0.044812567100916675
684.3263501657555,-197.85780979315263,2361.9058838353217,5913.786257697358,0.001493862960419238,-0.017832825093508215,-0.04465017708438895
685.2666650874605,-197.85640762399785,2361.8891455949665,5913.744348163002,0.0014884830977492482,-0.01776860357386788,-0.04448937798473616
686.2095794981368,-197.85500663971206,2361.8724214988547,5913.702474043277,0.0014831278060092848,-0.017704675366940082,-0.04432931328715123
687.1488467998205,-197.85361607633672,2361.855821801217,5913.660911394892,0.0014778320603175076,-0.017641457984368072,-0.04417102836547954
688.0854718403237,-197.85223435999512,2361.8393277140735,5913.619613176132,0.0014725893787144086,-0.01757887404848233,-0.04401432948000332
689.0188962995983,-197.85086223290682,2361.8229480975883,5913.57860157125,0.0014674021132816783,-0.017516951637008105,-0.04385928693228792
689.9515657019566,-197.84949603451085,2361.806639254217,5913.537767169478,0.0014622560273052094,-0.017455520800740896,-0.04370547520018886
690.8828985629016,-197.8481365661699,2361.790410750138,5913.497133922802,0.0014571538044913944,-0.017394613576136583,-0.043552974497216713
691.8152575702911,-197.84678034281873,2361.7742209827684,5913.456597665858,0.001452082088131827,-0.01733407051895968,-0.04340138560377244
691.867545571843,-197.84670442375707,2361.773314707304,5913.454328515582,0.0014517987216982212,-0.017330687863271108,-0.04339291604414547
691.8770863140413,-197.84669057276633,2361.773149362623,5913.453914522328,0.0014517470293041875,-0.01733007079099296,-0.04339137100647829
691.8805114689582,-197.84668560033964,2361.773090004825,5913.45376590111,0.0014517284731682353,-0.017329849279157424,-0.04339081638080193
691.8838554278638,-197.84668074584957,2361.7730320548826,5913.4536208049085,0.0014517103617127018,-0.017329633075645563,-0.04339027504621045
691.8972925697175,-197.8466612395002,2361.7727991999786,5913.453037778235,0.001451637637218007,-0.017328764934975014,-0.04338810137858041
691.9496890575963,-197.84658518620006,2361.771891322057,5913.450764615695,0.0014513548661198273,-0.01732538938603766,-0.04337964961297641
692.1197492103782,-197.8463384460594,2361.768945888715,5913.443389781948,0.0014504457002386347,-0.01731453631815358,-0.04335247548884329
693.1249968645,-197.84488300451613,2361.7515717150686,5913.399887985349,0.0014453020506703682,-0.017253134566177157,-0.04319873657851156
694.2809974384139,-197.8432154723663,2361.73166573309,5913.350046997409,0.001439753434362548,-0.017186898568197103,-0.04303289358825396
695.501029811433,-197.84146235022723,2361.7107380300104,5913.2976478041455,0.001434179996835177,-0.017120366269620067,-0.04286630871474217
696.8070281001512,-197.83959309017544,2361.6884239433475,5913.241777356486,0.0014284263771997118,-0.017051683066896674,-0.04269433836525105
698.2188372247074,-197.837580714351,2361.6644014278595,5913.18162931124,0.001422373654714048,-0.016979429356724557,-0.0425134281092017
699.7786202482458,-197.83536724111357,2361.6379783340803,5913.115470651003,0.0014158285027597876,-0.01690129732382137,-0.042317799593446156
701.5960060753896,-197.83280095712317,2361.607343600668,5913.038766804885,0.001408342531391451,-0.016811934362438413,-0.04209405085877299
703.4812191615996,-197.83015314879947,2361.575735679477,5912.959626272125,0.0014007057088578014,-0.016720770631821702,-0.0418657933227816
704.9891416487238,-197.82804554522622,2361.550576393191,5912.8966319578685,0.001394679854338185,-0.016648837655014313,-0.04168568612519526
706.3460660589286,-197.82615671553646,2361.528028696123,5912.840176591896,0.0013893157306698895,-0.016584804017597144,-0.04152535744843998
707.7029904691334,-197.82427512843105,2361.50556745661,5912.783937700046,0.0013840045521628672,-0.016521402407228707,-0.04136661125339905
708.9553755920235,-197.82254486725643,2361.484912653784,5912.732221799788,0.001379148184074819,-0.016463430046306755,-0.04122145891956282
710.1231854074301,-197.8209369096833,2361.465717836774,5912.684161440639,0.0013746583731786683,-0.016409833421621934,-0.04108726263990373
711.2247937017496,-197.81942489192087,2361.447668290722,5912.63896863337,0.0013704566305555673,-0.016359675580322235,-0.04096167645350202
712.2745537585994,-197.8179883297619,2361.4305194876533,5912.59603112404,0.0013664825027475728,-0.016312234865890174,-0.040842893462621106
713.2890588189267,-197.81660396293123,2361.413993760586,5912.554653684618,0.0013626691608057395,-0.016266713515084245,-0.04072891621201664
714.2771104631333,-197.81525939965596,2361.3979431840917,5912.514465936516,0.0013589807500965698,-0.016222683517153214,-0.04061867303997852
715.2445775358649,-197.8139463678181,2361.38226901067,5912.475220633806,0.0013553932821311575,-0.016179858512144256,-0.04051144695284274
716.1957212423462,-197.81265886220416,2361.366899553744,5912.436738286234,0.0013518893339197163,-0.016138030515029506,-0.040406717193619
717.1370198346691,-197.81138795401137,2361.351728226711,5912.398752020171,0.0013484438582938346,-0.016096900527985722,-0.04030373512569548
718.070403607084,-197.81013092444113,2361.3367225742118,5912.361180573253,0.0013450489374560658,-0.016056374033175124,-0.04020226409345698
719.0001866345641,-197.80888188474407,2361.321812299946,5912.323847936226,0.001341688263362802,-0.01601625635511743,-0.04010181666461928
719.9267830276694,-197.80764022485954,2361.3069901213826,5912.286735874946,0.001338359896031151,-0.015976524335479855,-0.040002334854894774
720.8526860248389,-197.8064025652142,2361.292215695235,5912.249743377101,0.0013350545417515865,-0.015937067031625167,-0.03990354088393333
721.7778656314404,-197.8051689199782,2361.2774891906583,5912.212870866225,0.0013317720569068915,-0.01589788272913863,-0.03980543045914967
722.6983254873657,-197.8039445726002,2361.262873678241,5912.176276259693,0.0013285262430834954,-0.015859136182943132,-0.039708416097149805
723.6177909057013,-197.80272452172142,2361.248309454811,5912.139810071534,0.0013253035839429239,-0.015820666043231933,-0.03961209380712435
724.5384439163629,-197.80150585489793,2361.233761753389,5912.103385251503,0.0013220962461276164,-0.0157823788001591,-0.039516229457287756
725.4593095445069,-197.80028985159475,2361.2192458474487,5912.067040041622,0.0013189074814064896,-0.015744313271359105,-0.039420920239994245
726.3766701888641,-197.79908138755437,2361.20481994063,5912.030920173306,0.0013157498740875963,-0.015706619680627844,-0.03932654228852917
727.2967101248778,-197.79787229468522,2361.1903865272375,5911.994781509883,0.0013126019284283956,-0.015669041424898514,-0.03923245311510308
728.2142753795629,-197.79666932995974,2361.176026267887,5911.958826010985,0.0013094811049137731,-0.01563178693679264,-0.03913917459740013
729.1333522508656,-197.79546724557454,2361.161676517502,5911.92289682464,0.001306373637763474,-0.015594691888819632,-0.0390462952890277
730.0533539948221,-197.79426680337983,2361.1473463705856,5911.887016721844,0.0013032814081420244,-0.015557778737174507,-0.038953871416247156
730.9739372721439,-197.79306844154323,2361.1330410577157,5911.8511987990205,0.0013002054407892881,-0.015521059714576884,-0.0388619336075817
731.8948645591172,-197.7918724568381,2361.1187641215915,5911.81545192645,0.001297146384464516,-0.015484542565519122,-0.038770501253843126
732.818486614054,-197.7906757937477,2361.104479087318,5911.779684777574,0.0012940963489925638,-0.0154481331019016,-0.03867933852502101
733.7380789375223,-197.78948714215912,2361.0902896894677,5911.744157085051,0.001291077333491352,-0.015412093935779442,-0.038589102954327575
734.6578759322603,-197.78830099513897,2361.076130189628,5911.708704251752,0.0012880751605894268,-0.015376255826337311,-0.03849937079329136
735.5757578222077,-197.7871200626038,2361.062032937131,5911.673407274569,0.0012850965378621891,-0.015340698844520207,-0.03841034252511424
736.4938764619213,-197.78594155267763,2361.0479646042622,5911.63818270692,0.0012821342747099192,-0.015305337153333343,-0.03832180322944584
737.4108124889212,-197.78476726744466,2361.0339467032054,5911.603084411429,0.0012791927665005982,-0.01527022322199948,-0.03823388427975479
738.3262094066795,-197.78359763600463,2361.0199843562905,5911.568125213488,0.0012762729264678475,-0.015235367952144727,-0.03814661297174624
739.2405900578271,-197.782431963869,2361.006069273137,5911.533284355481,0.001273372864406819,-0.015200748779656202,-0.038059932808952035
740.1551673550363,-197.78126868615863,2360.9921827731728,5911.498515064622,0.0012704885608017648,-0.01516631772200593,-0.037973723651777855
741.0716781332517,-197.78010558801705,2360.978298416791,5911.463751140906,0.001267614446415801,-0.015132008297039987,-0.03788781904090334
741.9885393510517,-197.7789446733967,2360.9644401259543,5911.429052480614,0.001264755398905336,-0.015097878731246291,-0.0378023647649505
742.902913272697,-197.77778951152894,2360.9506505079703,5911.3945257647565,0.001261920065569234,-0.015064032250805747,-0.037717619283654816
743.8193753812566,-197.7766343057542,2360.9368603658513,5911.359997736559,0.0012590941044540074,-0.015030297650223024,-0.0376331539293406
744.7330270120289,-197.77548521341993,2360.923143202257,5911.325652433424,0.0012562924609420241,-0.014996853338359479,-0.037549415405612616
745.646355548669,-197.77433907872665,2360.909461345177,5911.291395531431,0.0012535072880767264,-0.014963605643032602,-0.03746616917422388
746.5600056474267,-197.77319507860602,2360.8958049693238,5911.257202429832,0.0012507364826453266,-0.014930529457370646,-0.03738335237209665
747.4741774862749,-197.7720529519499,2360.8821709577473,5911.22306532435,0.0012479793230306703,-0.014897616167148048,-0.037300943430764094
748.3872782231465,-197.7709146726779,2360.8685828738967,5911.189043213607,0.0012452404656202265,-0.014864921357479044,-0.03721908152532499
749.301445077329,-197.7697775627653,2360.855008749146,5911.155056053931,0.0012425133671893382,-0.014832366919337602,-0.03713757108486862
750.2169225819136,-197.7686413141419,2360.8414449059396,5911.1210946373885,0.001239797225330453,-0.01479994327407165,-0.037056388126178126
751.1341043349772,-197.7675054370106,2360.82788549738,5911.087144324401,0.0012370908154128548,-0.014767635802786444,-0.03697549604617825
752.0500759886288,-197.76637352915816,2360.814373471651,5911.053312649474,0.001234402620275082,-0.014735545768435816,-0.03689514838903806
752.965827679355,-197.76524434789727,2360.8008939943093,5911.019562469837,0.001231729572705346,-0.014703636556515739,-0.03681525347864455
753.8801201562325,-197.76411940137316,2360.787465068673,5910.985938862552,0.0012290751250649038,-0.014671949379209737,-0.03673591450287081
754.7964912672603,-197.76299432598395,2360.774034604724,5910.952311403608,0.001226428896615403,-0.014640360317593297,-0.036656821191084175
755.7120615311354,-197.76187264910564,2360.7606447101252,5910.918785522999,0.0012237991098767212,-0.014608967527094818,-0.036578219306770625
756.6280981365474,-197.76075280407463,2360.7472766830024,5910.885314394606,0.0012211819962530321,-0.014577726020515326,-0.03649999621009942
757.5452255812264,-197.75963402076968,2360.733921330118,5910.8518750002195,0.001218575687345386,-0.014546613494047471,-0.03642209605636042
758.4608347220505,-197.7585194676752,2360.720616474907,5910.818562042897,0.0012159874698094229,-0.014515716931343028,-0.03634473663692627
759.3774525208779,-197.757406054202,2360.707325223799,5910.785283147796,0.0012134100719438479,-0.014484949527266078,-0.036267700607395835
760.2925162192028,-197.75629687877296,2360.6940845638787,5910.752130923901,0.0012108505722927762,-0.014454395781159916,-0.036191199538881474
761.2107527391344,-197.75518620558765,2360.6808260246576,5910.718933933462,0.0012082956706129533,-0.014423896922830777,-0.03611483589945931
762.1268480179721,-197.7540804540703,2360.667626237307,5910.6858840471095,0.001205760062381917,-0.014393628377928529,-0.03603904892331072
763.0392966133737,-197.75298140719826,2360.654506485924,5910.653034556381,0.0012032476774015578,-0.01436363705803181,-0.03596395606856604
763.9539608073394,-197.75188198644224,2360.6413822713416,5910.620173890607,0.0012007422336388891,-0.014333728598159278,-0.03588907068037442
764.8677680625907,-197.75078587822324,2360.6282975998065,5910.587412233489,0.0011982520681876315,-0.014304002521451977,-0.035814641946727586
765.7828609268475,-197.7496905023743,2360.615221670859,5910.554672466234,0.0011957712443258581,-0.014274387958943644,-0.03574049242451839
766.6953525607373,-197.74860049493438,2360.602209826704,5910.522093155739,0.001193310166023544,-0.014245009106883713,-0.03566693307875106
767.6076675790323,-197.7475129377891,2360.589227232673,5910.489587082277,0.001190862131765372,-0.014215785966668767,-0.03559376360735395
768.5188222219685,-197.7464289873518,2360.576287693322,5910.457188809967,0.0011884296510502764,-0.01418674849516685,-0.035521059016920625
769.4342693634715,-197.74534215673572,2360.563313772153,5910.424704451788,0.0011859981285106847,-0.014157722461779824,-0.03544838306546362
770.3459190966436,-197.74426204094303,2360.5504200084515,5910.392420793447,0.001183588961177981,-0.014128963291220896,-0.03537637529038749
771.260411534183,-197.74318075815518,2360.5375123138733,5910.360102254704,0.0011811844823916347,-0.014100260089669412,-0.03530450765160951
772.1709498671148,-197.742106329783,2360.52468644313,5910.327988588082,0.001178802442671961,-0.014071824752013,-0.03523331069570352
773.0846671546706,-197.74103032510354,2360.5118417553913,5910.295827807098,0.0011764240685804188,-0.014043433172389997,-0.03516222330201948
774.0007314261046,-197.73995373265157,2360.498990051183,5910.26364945814,0.0011740515376357566,-0.014015111344691418,-0.03509131055457132
774.9134503128838,-197.73888322791672,2360.486211018429,5910.231653065395,0.0011716994775555676,-0.01398703388569023,-0.03502100966225861
775.8266819891255,-197.73781426497453,2360.473450390656,5910.199702755402,0.001169357796599603,-0.013959080326345063,-0.034951018992333736
776.7365482978785,-197.73675136271248,2360.460762111587,5910.167933593511,0.0011670362916419205,-0.013931367615764495,-0.034881631364267564
777.6477473292663,-197.73568901524627,2360.4480804553323,5910.136181013953,0.0011647228453321129,-0.01390375110440827,-0.034812484601705294
778.5612319507402,-197.73462611378915,2360.4353921858715,5910.104411876121,0.001162415015762522,-0.013876201642271768,-0.034743505718293884
779.4747304477631,-197.73356529921358,2360.4227288283305,5910.072705113242,0.001160118495094427,-0.01384878717890541,-0.03467486484744983
780.3879581761404,-197.73250689086387,2360.4100941948464,5910.041070270219,0.001157833904848332,-0.013821515133641967,-0.03460658056584402
781.2998684507886,-197.73145208616256,2360.3975025795194,5910.009543136902,0.0011555637460860814,-0.013794415362632647,-0.034538727627893166
782.2124841414949,-197.73039853304275,2360.3849259048093,5909.978053412194,0.0011533028846354377,-0.013767426577259987,-0.03447115257795528
783.1257341153179,-197.72934630811469,2360.3723650852426,5909.946603385904,0.0011510514347602134,-0.013740550141535706,-0.03440385883126964
784.0373837520303,-197.72829797282674,2360.3598506978274,5909.915269617347,0.001148814802912288,-0.013713850594385606,-0.034337007981663975
784.9492255117686,-197.7272514513576,2360.3473579626752,5909.883990062151,0.0011465884821098104,-0.013687274134208605,-0.03427046531963471
785.8582647766998,-197.7262101621645,2360.334927687244,5909.8528668948275,0.0011443796548604582,-0.013660906501401613,-0.03420444552366856
786.7685265683853,-197.72516947973392,2360.3225046549737,5909.821761863072,0.0011421784312991123,-0.01363462963678547,-0.03413865299487821
787.6783403935665,-197.72413130688446,2360.3101115805525,5909.790731840368,0.0011399887835870997,-0.01360849095759997,-0.03407320645747825
788.589857092078,-197.72309318392314,2360.2977191016653,5909.759703308773,0.0011378054766225394,-0.013582427970391098,-0.03400794943913336
789.5026008015413,-197.72205565291895,2360.2853336892017,5909.7286924702275,0.0011356296207244011,-0.013556453929469671,-0.033942915126246795
790.4157364250201,-197.7210196589785,2360.2729666252676,5909.69772757309,0.001133463155082875,-0.013530591983705698,-0.03387816147941309
791.3275541894754,-197.7199871295351,2360.260640918387,5909.666866226553,0.0011313100422896845,-0.013504889436102892,-0.03381380693682036
792.2382792043229,-197.71895779260706,2360.248353321808,5909.636100301336,0.001129169633083215,-0.013479338536171977,-0.0337498320926416
793.1525218572466,-197.71792643592343,2360.236041614618,5909.6052740075,0.0011270310556908982,-0.013453809503321416,-0.03368591199968734
794.0625620478023,-197.71690175720315,2360.2238096248825,5909.57464731179,0.0011249122819020799,-0.013428516873813594,-0.0336225838180574
794.9735377727984,-197.7158779517327,2360.2115880594706,5909.544046716705,0.0011228012209097363,-0.013403316314966988,-0.033559486164754064
795.8885541462563,-197.71485153657224,2360.1993353411713,5909.51336812041,0.0011206906836989763,-0.013378122008705548,-0.03349640416679603
796.8010144196388,-197.71382990731797,2360.1871397541017,5909.4828325704075,0.001118595836433442,-0.01335311499944281,-0.0334337911267354
797.7090552236433,-197.7128151195013,2360.1750258359425,5909.452501504624,0.0011165207727969867,-0.013328344155080387,-0.03337176940098222
798.6151054537092,-197.7118044299992,2360.1629608409635,5909.422292933657,0.001114459769538401,-0.013303741154935251,-0.03331016792687092
799.5229988710416,-197.71079355321896,2360.1508936103723,5909.392078765122,0.0011124040335106587,-0.01327920103178007,-0.033248723885399775
800.429751263627,-197.70978580550263,2360.138863732638,5909.3619581214025,0.0011103602634962885,-0.013254803751595913,-0.03318763749695995
801.3376069761267,-197.70877868391796,2360.1268413292814,5909.331856192176,0.001108323331534332,-0.013230488099911777,-0.033126755491558815
802.2456845815163,-197.7077731618849,2360.1148380203967,5909.301802072063,0.0011062951675586178,-0.013206277115100872,-0.033066135553126916
803.1547503146485,-197.70676838623524,2360.102843621382,5909.271770260657,0.0011042740111199855,-0.013182149781994602,-0.033005725063473094
804.065447467333,-197.70576364553563,2360.0908496395796,5909.241739493875,0.0011022584046021999,-0.013158088700459173,-0.03294548045580122
804.980021087272,-197.7047564712119,2360.0788266066565,5909.2116359883275,0.001100243395343719,-0.013134034748641124,-0.03288525369965551
805.8949007011772,-197.70375079952865,2360.066821511339,5909.1815773953085,0.0010982368460572553,-0.013110081786810305,-0.032825279804219745
806.8065507766935,-197.7027504998012,2360.054880543154,5909.151679365062,0.0010962464014237262,-0.013086321072505945,-0.032765787261909776
807.7159312461351,-197.70175449413836,2360.0429908348938,5909.12190968042,0.0010942698193546466,-0.013062725841042894,-0.032706709058782216
808.6271530789908,-197.70075827059847,2360.0310985257506,5909.092133483635,0.0010922980940669404,-0.013039188586874317,-0.03264777602034124
809.5356084220357,-197.69976685613085,2360.0192636243796,5909.062501025556,0.0010903411195016905,-0.013015827417835744,-0.03258928386730096
810.4479454825736,-197.69877299071848,2360.0073994651248,5909.032795311014,0.0010883845274729151,-0.012992470815284343,-0.03253080314792078
811.3552862109982,-197.6977863346287,2359.995621366367,5909.0033050764305,0.001086447279945768,-0.012969345135597513,-0.032472900617736195
812.265457260973,-197.6967983628736,2359.983827561999,5908.973775517834,0.0010845125740808132,-0.01294624979672408,-0.03241507405547506
813.1757278086434,-197.69581204042723,2359.9720534460726,5908.944295255543,0.0010825861952873308,-0.01292325386135222,-0.03235749638164997
814.0854212536693,-197.69482809130008,2359.960307661384,5908.91488592956,0.0010806695084688478,-0.012900373622867943,-0.032300208391960274
814.9974064217249,-197.6938434097249,2359.9485531331775,5908.885454711386,0.0010787564331877916,-0.012877536496715228,-0.0322430283477716
815.9057055887125,-197.692864438306,2359.9368667693348,5908.856194164482,0.0010768594306057146,-0.012854891236642131,-0.032186328701634626
816.8186163198213,-197.69188222890065,2359.9251417523838,5908.826836837169,0.0010749611250162802,-0.012832230422061755,-0.0321295901098174
817.7320121998472,-197.6909012280909,2359.91343116291,5908.797515633656,0.0010730701082204417,-0.012809656616654765,-0.03207306937327434
818.6434928297695,-197.6899240023551,2359.9017656379674,5908.768307263599,0.0010711912725083787,-0.01278722822159813,-0.032016912718017286
819.5547251729096,-197.68894875092124,2359.8901236810375,5908.739157903595,0.0010693210953863072,-0.012764903187508983,-0.03196101485997706
820.4678186542488,-197.68797321327824,2359.8784783075175,5908.709999989064,0.0010674552124462636,-0.012742629414746388,-0.031905245351051235
821.3801579327837,-197.6870001793512,2359.8668628218315,5908.68091690828,0.001065598926609906,-0.012720470206355496,-0.03184976269064534
822.2927444100246,-197.68602857237676,2359.855264370236,5908.651876477784,0.0010637501379622588,-0.012698400494831797,-0.031794504114250145
823.2082029219238,-197.68505559911992,2359.8436496087943,5908.622795210375,0.001061903514478173,-0.01267635662971042,-0.03173931025258379
824.1208129052274,-197.68408733236438,2359.832091030695,5908.593854615921,0.0010600705409399,-0.01265447570931872,-0.03168452437512618
825.0295296790309,-197.6831248548046,2359.8206015604846,5908.565087055154,0.0010582531743985148,-0.01263278109573904,-0.031630204976317106
825.9384322468188,-197.68216382892479,2359.8091294195447,5908.536362883755,0.0010564431564804124,-0.012611174205543089,-0.03157610522103607
826.84493593456,-197.68120697464846,2359.7977070766633,5908.507763397711,0.0010546455539932197,-0.012589715523190667,-0.03152237655145928
827.7555640673154,-197.6802474040395,2359.7862523078593,5908.479082723006,0.001052847400919294,-0.012568250268269562,-0.031468631425356164
828.6631962140497,-197.67929261637826,2359.7748546349685,5908.450545006169,0.001051062720237998,-0.012546945838556487,-0.03141528897656193
829.5754230531725,-197.67833462402263,2359.7634187063904,5908.4219115039905,0.0010492765550161336,-0.012525623687303348,-0.03136190215622827
830.4859764593187,-197.67738001054215,2359.7520231127637,5908.393378993254,0.001047501163841164,-0.012504430150052261,-0.03130883736215443
831.3958549644512,-197.6764277160259,2359.7406552015173,5908.364915794205,0.0010457345204772594,-0.012483341038835437,-0.031256034032032504
832.306653559562,-197.6754760650292,2359.729294972215,5908.336471829359,0.0010439734811713895,-0.012462318825446203,-0.031203398202002824
833.2175231086472,-197.6745259406864,2359.7179529671766,5908.308073494781,0.0010422196503449804,-0.012441382662489188,-0.03115097782673239
834.1300277738233,-197.67357570923596,2359.7066096835524,5908.279671958854,0.001040469987754412,-0.012420496257389934,-0.031098682036161715
835.0403363540885,-197.67262935217678,2359.6953126500484,5908.251386224885,0.001038731784119349,-0.012399746642314085,-0.031046728743133436
835.9515865300317,-197.6716835977079,2359.6840228099,5908.223118501781,0.0010369989849945836,-0.012379061542986613,-0.03099493698590082
836.8605276548824,-197.67074180949143,2359.672780316454,5908.1949693262795,0.001035277707976864,-0.012358513987547112,-0.03094348961375148
837.7679319643464,-197.66980317099393,2359.6615754224326,5908.166914292953,0.0010335663986057024,-0.012338085419794162,-0.030892340165304503
838.6823990228819,-197.6688587944279,2359.6503020308483,5908.138687754086,0.0010318488562614894,-0.012317582446609658,-0.030841004419079276
839.590255815134,-197.66792279479247,2359.639128637953,5908.1107115938985,0.0010301507204971685,-0.012297311137342186,-0.030790248717511334
840.5041163068724,-197.66698215914812,2359.62789990321,5908.082596867707,0.0010284483438313104,-0.012276989202778173,-0.0307393662593334
841.4096229070586,-197.6660516534993,2359.616792094177,5908.054784917679,0.0010267684001135466,-0.012256935059069378,-0.030689154301148863
842.3212902889486,-197.66511635061775,2359.605627018705,5908.026829582818,0.0010250838909202414,-0.012236826415497507,-0.030638805885138665
843.2306313912136,-197.66418496105973,2359.5945086581028,5907.998991213564,0.0010234104967549284,-0.0122168504563521,-0.030588789686996763
844.1410889434298,-197.66325394938443,2359.5833948084337,5907.971164138874,0.0010217418243456682,-0.012196930862651225,-0.030538914617759944
845.0526456810622,-197.6623233326387,2359.572285673193,5907.943348868262,0.0010200778861125077,-0.012177067782657825,-0.030489181048651854
845.9680205002205,-197.661390341206,2359.561148190388,5907.91546262046,0.0010184137297511138,-0.012157202098782585,-0.03043944095989336
846.8807329258615,-197.66046157703212,2359.550061170021,5907.887702721501,0.0010167611060587349,-0.012137474084877668,-0.030390045571905635
847.7901868368988,-197.65953762597218,2359.539031605673,5907.860086682049,0.0010151209865926361,-0.012117895338801277,-0.030341023923633397
848.6992366271722,-197.65861557311507,2359.5280247009127,5907.832527378117,0.0010134881416117673,-0.012098403431093727,-0.030292219702971558
849.6091986980128,-197.65769407853557,2359.51702446053,5907.804984760585,0.001011860170204198,-0.012078969701132434,-0.030243561148891374
850.5173256652953,-197.6567759162952,2359.5060639995804,5907.777541743577,0.0010102419363110095,-0.01205965221168009,-0.030195193640076407
851.4306060992601,-197.6558540227863,2359.495058997022,5907.7499872024155,0.0010086209807214795,-0.012040302232276447,-0.030146744782284435
852.3391909088313,-197.65493833526472,2359.4841280777564,5907.722618152455,0.0010070147483617594,-0.012021128009812372,-0.030098735988163483
853.2477151085734,-197.65402416519976,2359.473215272962,5907.695294457863,0.0010054149548030823,-0.012002030649828898,-0.030050919643828385
854.1622855177975,-197.65310537644217,2359.462247333032,5907.667832714837,0.001003810869029224,-0.011982882051997889,-0.030002975009166113
855.0725623640498,-197.65219235491512,2359.451348238783,5907.640543348976,0.0010022206045265992,-0.011963898444074958,-0.029955443479470333
855.9831804377841,-197.65128043668304,2359.4404623149967,5907.6132869595785,0.0010006359837727175,-0.011944982207783075,-0.02990808063618522
856.8934617147848,-197.65037029508792,2359.4295975996192,5907.586083672211,0.0009990581475585233,-0.011926146961188914,-0.02986092057649309
857.800394888536,-197.649464926659,2359.418789863389,5907.55902305035,0.0009974922394217808,-0.011907454104709886,-0.029814117035962824
858.7089274745417,-197.648559382742,2359.4079800322893,5907.531957183313,0.0009959296610935534,-0.011888800997454473,-0.029767413020317917
859.6162573842615,-197.6476564516334,2359.397201391303,5907.504969410694,0.0009943751980738482,-0.011870244765803645,-0.029720951563711052
860.5213207213864,-197.64675717852657,2359.3864664173116,5907.478090972352,0.000992830601147689,-0.011851806309561444,-0.02967478499548131
861.4265822309646,-197.6458591042409,2359.375745754116,5907.451248365662,0.0009912916065636659,-0.01183343473066347,-0.02962878587605721
862.3357751235658,-197.64495852936568,2359.3649952404066,5907.42433101867,0.0009897518715414715,-0.011815054312866113,-0.02958276462562354
863.2477389880833,-197.64405661339487,2359.3542287175164,5907.397373587577,0.0009882133902368152,-0.01179668886118424,-0.029536780847643232
864.1529154080484,-197.64316279484183,2359.3435588566617,5907.370658180784,0.0009866922122851304,-0.011778529966378924,-0.02949131425082006
865.0605093463971,-197.64226796891938,2359.3328769704453,5907.343912664654,0.0009851727902123865,-0.011760392032185709,-0.029445900135588385
865.9703775342707,-197.6413722823026,2359.322184809785,5907.31714142317,0.000983655373323454,-0.011742278034654106,-0.02940054595343934
866.8746722286454,-197.64048344769853,2359.3115744442744,5907.290574981985,0.0009821529828607522,-0.011724343413436054,-0.02935564089722088
867.7859145629866,-197.639589155921,2359.3008989343543,5907.263845430951,0.000980644794187171,-0.011706339576712153,-0.02931056253786189
868.6977443367986,-197.6386956606682,2359.290232932861,5907.237139687301,0.0009791413702970276,-0.011688392619067461,-0.029265626593456554
869.6097095948304,-197.6378034012236,2359.279581683692,5907.210470880813,0.0009776434282998928,-0.011670511100918768,-0.029220854497744263
870.5187864724797,-197.6369153247642,2359.26898036845,5907.183927099868,0.0009761558747997498,-0.011652753594312478,-0.02917639290456311
871.4278455724314,-197.63602861538422,2359.258395372568,5907.157424179658,0.0009746739514406726,-0.011635063296897093,-0.029132099591071808
872.338526754282,-197.63514167202305,2359.2478075835616,5907.1309142659675,0.0009731949659731076,-0.011617408070239123,-0.029087894088430485
873.2466028931186,-197.6342586043967,2359.237266060714,5907.1045201943925,0.0009717257409736987,-0.011599869358098265,-0.02904398031712141
874.1546766203373,-197.63337687078382,2359.2267404625054,5907.078165995242,0.0009702620086114454,-0.011582396213710482,-0.029000230715637947
875.0632958131455,-197.6324959354193,2359.2162243932994,5907.051835654994,0.000968802857861727,-0.011564977761819367,-0.028956618054299915
875.9688709610391,-197.63161926805947,2359.2057592729307,5907.025632881443,0.0009673539982464228,-0.01154768215921558,-0.028913312985415968
876.87653087892,-197.63074189662305,2359.195285747725,5906.999409063697,0.0009659071832645227,-0.011530410964198596,-0.028870069028726377
877.7851981283255,-197.62986486443427,2359.184816272251,5906.973195385749,0.000964464125890328,-0.011513184625211087,-0.028826937383442806
878.6939661074097,-197.6289890440731,2359.1743612628356,5906.9470179282025,0.000963026243932497,-0.011496020067188278,-0.02878396042654987
879.606851623825,-197.62811056861605,2359.1638745585046,5906.920761112305,0.0009615871872747789,-0.011478841486314522,-0.02874094835896782
880.5177811409027,-197.62723528248452,2359.153425926397,5906.8945996223865,0.0009601565175652049,-0.011461763023713519,-0.028698186969479945
881.4261284787254,-197.62636377281197,2359.143022375354,5906.868551007321,0.0009587351475674868,-0.011444795575401887,-0.028655703539746263
882.3380324669082,-197.62549014703123,2359.1325935635023,5906.842439143747,0.0009573134487850563,-0.011427824202258852,-0.02861321028294274
883.25130687353,-197.6246165053453,2359.122164561784,5906.816326804781,0.0009558948412526541,-0.01141088973057367,-0.028570809420732875
884.1613761746271,-197.62374721608168,2359.1117875166287,5906.790344555678,0.000954486385966614,-0.01139407645021494,-0.02852871199974216
885.0713965659454,-197.62287925288646,2359.10142630127,5906.7644019415275,0.0009530831403587727,-0.011377325359817786,-0.028486770291196492
885.9813162978728,-197.6220126601448,2359.0910814455497,5906.738500288961,0.0009516851530508469,-0.011360637039798631,-0.028444985748353885
886.8888758156584,-197.6211495800465,2359.080778521624,5906.712703626045,0.000950295845377605,-0.011344052331965681,-0.028403460631734434
887.8011127269012,-197.62028332013244,2359.0704376389967,5906.686811921388,0.000948904433924604,-0.011327442510492797,-0.028361872635090962
888.7149592131516,-197.61941680211476,2359.0600936752858,5906.660912502252,0.0009475156208409117,-0.011310863706768292,-0.02832036230129398
889.6259359915788,-197.6185542660873,2359.0497972461458,5906.635132101108,0.0009461361738944456,-0.011294396710278725,-0.028279131912643862
890.5346679874397,-197.61769510522723,2359.039541107696,5906.609452580584,0.0009447650759677215,-0.011278029379295788,-0.0282381510684432
891.4451338749825,-197.61683555234296,2359.0292802895005,5906.58376134282,0.0009433962913340287,-0.011261689662994465,-0.02819723936642375
892.3561104718466,-197.61597676235047,2359.019028578242,5906.558092907183,0.0009420316488113779,-0.011245399392688983,-0.028156451468258105
893.2624896602872,-197.61512353795763,2359.0088433057185,5906.532590822154,0.0009406787394823757,-0.011229249186094628,-0.02811601426435835
894.1704491212668,-197.6142700532368,2358.998654925558,5906.507080956162,0.0009393282903787481,-0.011213128348170601,-0.028075650594311136
895.0806715088258,-197.61341566990768,2358.98845581836,5906.481544231603,0.0009379792892424914,-0.011197024795198112,-0.02803533020266446
895.992797939526,-197.61256072889557,2358.978250053882,5906.455990838417,0.0009366322735431051,-0.011180944943160305,-0.027995069153882723
896.9025515258185,-197.61170923364963,2358.96808542286,5906.430540435983,0.0009352935283901937,-0.011164963819863103,-0.027955055304057303
897.8130529262013,-197.61085825574918,2358.9579269675924,5906.405105496525,0.0009339584217981301,-0.011149026131486588,-0.027915150207437858
898.7281191966639,-197.6100042340064,2358.9477321767913,5906.379579579446,0.0009326213711570443,-0.011133065236238299,-0.02787518700499787
899.6399202172892,-197.6091544744845,2358.937588265784,5906.354181056192,0.0009312938007894414,-0.011117217510713966,-0.027835507159131467
900.5487778020431,-197.6083086606256,2358.927491455696,5906.328900465142,0.0009299751677327257,-0.011101476473357226,-0.02779609444119071
901.4596481564979,-197.60746217393768,2358.917386613785,5906.303599763858,0.0009286582478523524,-0.011085755886855005,-0.027756732928500456
902.3719029312514,-197.60661560085518,2358.9072807405482,5906.27829648032,0.0009273439494733827,-0.011070066594238008,-0.027717449770053533
903.2834960558829,-197.6057708373582,2358.89719646904,5906.253047283613,0.0009260352000015249,-0.011054443541090501,-0.02767833246328897
904.1928796766888,-197.60492930802428,2358.8871508049983,5906.227894753038,0.0009247341743813855,-0.011038912690574967,-0.02763944601528201
905.1041906815431,-197.60408717994784,2358.8770979935334,5906.202724326604,0.0009234349265629116,-0.01102340306237166,-0.02760061270411646
906.0126472521342,-197.60324886602547,2358.867090713114,5906.177667901695,0.0009221442419211057,-0.01100799565614976,-0.027562035338352057
906.9234022578818,-197.6024096060768,2358.85707213961,5906.152583200938,0.0009208547704381988,-0.01099260273187904,-0.027523494232780936
907.835083759574,-197.6015706665111,2358.847057390642,5906.127508076131,0.0009195684534864273,-0.010977247464477447,-0.02748504741321702
908.7449743510742,-197.60073454220023,2358.8370762484697,5906.102517096677,0.0009182890941556431,-0.010961975252912603,-0.027446808550485462
909.6532836888575,-197.59990102999564,2358.8271262880294,5906.077604190655,0.0009170163487176375,-0.010946781993966738,-0.027408767370869194
910.5607832464077,-197.59906941340952,2358.8171989563266,5906.052747942909,0.0009157490947829526,-0.01093165428923891,-0.027370890327189243
911.470417811397,-197.5982369924572,2358.8072620225903,5906.027867653404,0.0009144832057852873,-0.010916542878296916,-0.02733305408020971
912.3830755800176,-197.5974029601825,2358.79730585387,5906.00293920297,0.0009132174587473378,-0.010901433161983437,-0.027295222076274304
913.2887395169508,-197.59657645922363,2358.787439589406,5905.9782358565735,0.0009119656942514863,-0.01088649036073127,-0.027257807997541825
914.198231196659,-197.59574760403467,2358.7775452215783,5905.953462144425,0.0009107129093855093,-0.010871535378922749,-0.02722036342089351
915.1089819391632,-197.59491874123432,2358.7676507628908,5905.92868820478,0.0009094626549547878,-0.010856610603907295,-0.02718299447660591
916.0166188255781,-197.5940938432321,2358.7578036335453,5905.904032769269,0.0009082208979250369,-0.010841787265683094,-0.027145879511744943
916.9237660432195,-197.59327051451146,2358.747975237327,5905.879424238129,0.0009069840001658004,-0.010827021934467227,-0.02710890978596866
917.8334040868182,-197.5924460498835,2358.7381332813397,5905.854781755774,0.0009057478889343115,-0.01081226599234,-0.027071963568776575
918.7437090013879,-197.5916221045778,2358.7282975247044,5905.830154795478,0.0009045150419938457,-0.010797549017328512,-0.027035114918212862
919.6556976758116,-197.59079775873295,2358.718456986677,5905.80551586344,0.0009032840757585684,-0.010782854493028746,-0.026998322480181313
920.5656105694883,-197.5899764061007,2358.708652179797,5905.780966395747,0.0009020600396907515,-0.010768242696842253,-0.026961737178421687
921.4737996197359,-197.58915771827625,2358.698879183767,5905.756496576685,0.0009008424124588513,-0.01075370740543096,-0.02692534343081809
922.3801589242842,-197.58834178053462,2358.689139016549,5905.732108955046,0.0008996312902974723,-0.010739249767584898,-0.026889144113733547
923.2933472363727,-197.587520803364,2358.6793386917,5905.707570709553,0.0008984151146901358,-0.010724731804782483,-0.0268527937538406
924.2078928081935,-197.58669971719658,2358.669537065715,5905.683029206247,0.0008972012058281189,-0.010710240901003478,-0.02681651114486097
925.120383132354,-197.58588158083492,2358.6597706527114,5905.658575869897,0.0008959940668822501,-0.010695830812355294,-0.0267804308823903
926.0338585724006,-197.5850636626699,2358.6500068444066,5905.634129055241,0.0008947896470642367,-0.010681453182997385,-0.02674443189212696
926.942958078793,-197.58425075318257,2358.6403028266413,5905.609831945311,0.0008935949713462063,-0.010667191872763325,-0.026708724143966422
927.8536435412256,-197.5834375126678,2358.6305948572726,5905.585524941279,0.0008924021656770299,-0.010652952886032173,-0.0266730722898301
928.7643985423576,-197.58262529465588,2358.6208990939194,5905.561248498907,0.0008912132061258848,-0.010638759811912802,-0.02663753539259126
929.6776176504703,-197.58181196458904,2358.611190055533,5905.536938818246,0.0008900249622429782,-0.010624575281004453,-0.026602019886011696
930.5831825940058,-197.5810065212295,2358.6015751638492,5905.512864863946,0.0008888505456238703,-0.010610555811539761,-0.02656691766351081
931.4917779475675,-197.58019944961583,2358.59194083506,5905.48874224264,0.000887676049654582,-0.010596535394841004,-0.02653181306930673
932.4015242346405,-197.57939242309115,2358.582307044516,5905.464620969003,0.0008865039102501654,-0.0105825431093767,-0.026496778910638983
933.314681662215,-197.5785834411771,2358.572649911726,5905.440441250593,0.0008853312240299404,-0.01056854429635872,-0.026461728408154358
934.2267644855489,-197.57777647848295,2358.5630168831517,5905.416321884792,0.0008841637462897784,-0.010554607658999718,-0.026426833582303657
935.1373250232962,-197.57697192306765,2358.5534125912045,5905.3922744703195,0.0008830020138129896,-0.010540739605091515,-0.026392110477041666
936.0442693254785,-197.5761716127246,2358.543858974341,5905.368353937117,0.000881848646469037,-0.010526971409038233,-0.026357637397834564
936.9554524332773,-197.57536861363056,2358.5342732608083,5905.344353039643,0.000880693639267343,-0.01051318363736318,-0.026323115304801897
937.8672897647574,-197.57456608983702,2358.524693221123,5905.320366348459,0.0008795415467512502,-0.010499430659427518,-0.026288680329016056
938.7775128138634,-197.57376603284052,2358.5151426285565,5905.296453387549,0.0008783952099111817,-0.010485746389242554,-0.02625441738504342
939.6864512599589,-197.57296814450612,2358.5056179241556,5905.272605245936,0.0008772541766973196,-0.010472125430513199,-0.026220312961534587
940.5950370503971,-197.57217160060156,2358.4961092687386,5905.248797288083,0.0008761172483082892,-0.010458553472679648,-0.026186331227429364
941.5023956861249,-197.5713771617794,2358.4866257425115,5905.225052249188,0.0008749854907393858,-0.010445043240943724,-0.026152504044337513
942.4108908067253,-197.57058275510127,2358.4771426,5905.201308171048,0.0008738559366329716,-0.010431559312799378,-0.026118742720693946
943.3175007208519,-197.5697910182571,2358.467691328339,5905.177643891768,0.0008727323200263793,-0.010418146262907341,-0.026085158863408092
944.2219181578248,-197.56900220946747,2358.458275010007,5905.154067129319,0.0008716149793256905,-0.010404808130953066,-0.02605176258712359
945.129797147216,-197.56821139634167,2358.4488347651322,5905.130430459123,0.0008704969187457243,-0.010391461405518946,-0.026018344794315775
946.038464958857,-197.56742091088103,2358.4393984317244,5905.106803582535,0.0008693814366838623,-0.010378145460861623,-0.025985004071020376
946.9448301248761,-197.56663343673648,2358.4299980455717,5905.083266711388,0.0008682723014476863,-0.01036490528073918,-0.025951853048452784
947.8492774451977,-197.56584862938107,2358.4206294939213,5905.059809548094,0.000867168999898742,-0.01035173473961765,-0.02591887638938098
948.7587722524568,-197.5650604468779,2358.4112206518157,5905.036251504766,0.0008660630357097229,-0.01033853241352253,-0.02588582014646915
949.6666062148224,-197.56427470522354,2358.4018409470746,5905.012766416144,0.0008649625682830407,-0.010325395704424378,-0.02585292819668075
950.5700912112296,-197.56349371797393,2358.392517997518,5904.9894234322655,0.0008638708043483308,-0.010312362892306196,-0.025820296386187724
951.48002171053,-197.5627081545348,2358.3831404202015,5904.9659436703305,0.0008627746945731147,-0.010299278202194041,-0.025787534682556318
952.388549571941,-197.561924795543,2358.373789158233,5904.94252979728,0.0008616837042786011,-0.010286254625320766,-0.02575492599545055
953.299025600831,-197.56114074961283,2358.3644296960133,5904.91909539228,0.0008605937955766401,-0.010273243959839855,-0.025722349636142117
954.2095742218793,-197.56035763207237,2358.355081316344,5904.895688735986,0.0008595072079396069,-0.010260272939206934,-0.025689872540381332
955.1194598698739,-197.5595760714899,2358.345751522689,5904.872328615721,0.0008584247988282345,-0.01024735179926537,-0.025657520336873497
956.029588201427,-197.55879528617814,2358.336430983744,5904.848991667578,0.0008573454716369318,-0.010234467449406317,-0.025625260249095536
956.9365536010295,-197.55801818999302,2358.3271544833424,5904.825764984005,0.0008562732322439597,-0.010221667709361747,-0.025593212009029854
957.843971508734,-197.55724167780082,2358.317884954293,5904.802555755439,0.0008552037749116714,-0.010208901179861177,-0.025561246922175356
958.7494909710525,-197.55646775608997,2358.3086463488294,5904.779423953955,0.0008541398461577317,-0.01019620064715772,-0.025529447079395345
959.6621009692318,-197.5556887475457,2358.2993470198508,5904.756140111743,0.0008530708964392392,-0.010183440177241113,-0.02549749716464597
960.569615305608,-197.55491505457138,2358.290111144905,5904.733015146981,0.0008520111941853711,-0.010170790097918277,-0.02546582364802951
961.4769381439888,-197.55414248477067,2358.2808886777207,5904.709923752836,0.0008509549681016564,-0.01015818151499504,-0.025434254030911915
962.3893416247887,-197.55336655380555,2358.271626087005,5904.686731896607,0.0008498960910490776,-0.010145541286422012,-0.025402605178795966
963.3011743852738,-197.55259207192736,2358.262380794606,5904.663583352241,0.0008488411297924851,-0.010132947802233701,-0.02537107336618689
964.2138102777845,-197.5518178696342,2358.2531388397224,5904.640443164413,0.0008477884800773847,-0.010120381911818204,-0.02533961064340717
965.1255298011743,-197.55104540247953,2358.2439175978643,5904.617354838264,0.0008467401087346643,-0.010107867094003308,-0.025308275797206112
966.0331671232876,-197.5502773419902,2358.2347489600897,5904.594398223251,0.000845699614030066,-0.010095446302691312,-0.02527717637640645
966.9439012573562,-197.54950760870273,2358.225560353471,5904.571391609854,0.0008446587453705552,-0.010083021047333596,-0.025246065778441587
967.8541835629436,-197.54873920309907,2358.216387595932,5904.548424679694,0.0008436215568482477,-0.010070639723209743,-0.025215065176361347
968.7610177130555,-197.54797464557552,2358.2072607744267,5904.525572765076,0.0008425914269594903,-0.010058342660749002,-0.025184275550285184
969.6699542761219,-197.54720925148484,2358.1981239664933,5904.502695846242,0.0008415620283291184,-0.010046054327604971,-0.02515350778084334
970.5798432545258,-197.54644399109995,2358.188988754658,5904.47982292375,0.0008405346639967497,-0.010033790278670027,-0.025122800814680324
971.487787325927,-197.54568129686308,2358.179884175933,5904.45702670104,0.0008395125852942736,-0.010021589326361676,-0.02509225183108798
972.393140811775,-197.54492170141413,2358.1708165886484,5904.434323098225,0.0008384964811726397,-0.010009459694956244,-0.025061881422170616
973.2985240540426,-197.54416299960113,2358.1617596690453,5904.411646205359,0.000837483383144971,-0.00999736594846752,-0.02503160086261125
974.2093312419048,-197.54340067669028,2358.152659522984,5904.38886108124,0.0008364672681040437,-0.00998523618671422,-0.025001230127326347
975.1231035193704,-197.54263680068405,2358.143540837017,5904.366029536542,0.0008354509067116759,-0.009973103484167651,-0.024970852028825596
976.0269829576544,-197.5418821070164,2358.1345317642085,5904.343472443418,0.0008344485513176047,-0.009961137976688185,-0.024940892556611752
976.9317244939401,-197.5411275994985,2358.1255249135424,5904.32092091414,0.0008334482160818891,-0.009949196584627321,-0.0249109934650558
977.8435113589013,-197.54036813082132,2358.116458839582,5904.298221100415,0.0008324430892761914,-0.009937197993725801,-0.024880951157921233
978.7555113784622,-197.5396094000134,2358.107401573855,5904.2755433409175,0.0008314407240162184,-0.00992523236847322,-0.024850991390824768
979.6646011864525,-197.53885399876611,2358.098384054392,5904.252965098896,0.0008304445256838097,-0.009913340360241428,-0.024821215947468247
980.571934149041,-197.53810095903015,2358.089394725212,5904.230457440256,0.0008294531935616084,-0.009901506441859793,-0.024791585950617402
981.4842650620922,-197.5373446768224,2358.0803666893808,5904.207852867145,0.0008284593492735126,-0.009889642534773571,-0.024761880867460083
982.3959396077151,-197.53658984310974,2358.0713559448004,5904.185291588207,0.0008274691594288381,-0.009877822252204512,-0.024732285012224093
983.3067543612482,-197.5358366213968,2358.06236444329,5904.162778490445,0.0008264828237786101,-0.009866047978658544,-0.02470280435528217
984.2156167787625,-197.53508590838308,2358.0534028891007,5904.140340375373,0.0008255014982361212,-0.009854333512723709,-0.024673473445809533
985.1228536722971,-197.53433742623326,2358.0444679656043,5904.117968938752,0.0008245247993046154,-0.009842674276449581,-0.02464428082144417
986.0340381452659,-197.53358657785998,2358.0355047955754,5904.095526777908,0.0008235467246825658,-0.00983099861802061,-0.024615047078965533
986.9423135189387,-197.5328390123327,2358.02658081416,5904.073182738283,0.0008225746259008982,-0.009819394295530177,-0.024585991948808367
987.8527001550116,-197.532090593828,2358.017646650421,5904.050813203957,0.00082160311269947,-0.009807796963339572,-0.02455695432110093
988.7544555632644,-197.53135014160674,2358.008807583315,5904.028681774445,0.0008206436053172132,-0.009796342949297345,-0.02452827553618321
989.6630076311496,-197.53060498226887,2357.999912325522,5904.00640965359,0.0008196796662054517,-0.009784836031970662,-0.0244994642909847
990.5698921151347,-197.52986206273127,2357.991043805099,5903.9842044782845,0.0008187202863563776,-0.009773383540341797,-0.02447078931791542
991.4783002470502,-197.5291187659986,2357.9821707819506,5903.961988028967,0.0008177620762038941,-0.009761945011837577,-0.02444214930599136
992.3881201344909,-197.52837518532198,2357.973294369253,5903.939763092831,0.0008168051543593975,-0.009750521862368522,-0.024413547800397083
993.2934641487765,-197.52763612566838,2357.964471925771,5903.917673285874,0.0008158556865108591,-0.00973918769415793,-0.024385169087822216
994.2049303915674,-197.5268929353352,2357.955600172755,5903.89546001674,0.0008149025527733486,-0.00972780976480017,-0.024356680805229142
995.1163915764834,-197.52615061661334,2357.9467388245034,5903.873272799258,0.0008139521755694203,-0.009716464741259432,-0.024328274912865832
996.024501264287,-197.52541188766256,2357.9379203287504,5903.851192876703,0.0008130080164424205,-0.009705193945329415,-0.02430005487304951
996.9368989137963,-197.5246705327814,2357.929070486242,5903.829034467527,0.0008120621242981556,-0.009693902461696054,-0.024271783034955956
997.8472202132787,-197.52393172385774,2357.9202510358214,5903.806952154656,0.0008111210945042506,-0.009682669021836331,-0.0242436565280008
998.7572065984713,-197.52319404168813,2357.9114450359034,5903.784903519417,0.0008101831037212184,-0.009671471859835277,-0.024215620854259417
999.6645307526533,-197.52245936626525,2357.9026749286945,5903.762944753047,0.0008092505253568297,-0.009660339307987617,-0.024187746952686794
1000.5725702487166,-197.5217249575638,2357.8939080054433,5903.740993958733,0.0008083198670915914,-0.00964922967711277,-0.024159930441095302
1001.4763432012509,-197.5209948375171,2357.8851922775375,5903.719171348329,0.0008073962073852577,-0.00963820359076656,-0.0241323231099325
1002.3849378914643,-197.52026166246998,2357.8764400808996,5903.6972574267975,0.0008064702484340497,-0.009627150057437075,-0.02410464705647487
1003.2953743236267,-197.5195278439436,2357.8676802027985,5903.675324272268,0.0008055450441775434,-0.00961610553319274,-0.024076993560141268
1004.2030028520902,-197.5187971258686,2357.8589573359955,5903.653483787352,0.0008046253036273175,-0.009605126231342334,-0.024049503368916283
1005.1093946118905,-197.5180682353999,2357.850256286042,5903.631697927893,0.0008037094055081227,-0.00959419279809054,-0.024022128024387784
1006.0134025406863,-197.5173420876586,2357.8415879770955,5903.609994046008,0.0008027984818276141,-0.009583318746654473,-0.02399490136121368
1006.9211039224713,-197.5166138005091,2357.832894129199,5903.5882262192,0.0008018864028181078,-0.009572430903605326,-0.023967640166328352
1007.8314994453008,-197.51588418215118,2357.8241843901474,5903.566418603807,0.000800974188153607,-0.009561541441189578,-0.023940374916841197
1008.7418270342852,-197.515155447453,2357.815485199687,5903.544637400182,0.0008000646049957048,-0.00955068339209496,-0.023913188320643326
1009.652522594931,-197.5144272455438,2357.806792369337,5903.522872121127,0.0007991572075517335,-0.00953985143472045,-0.023886067053405822
1010.5594565629339,-197.51370287154606,2357.7981452342597,5903.501221254791,0.0007982560848189807,-0.009529094381022283,-0.02385913333146165
1011.4648928306291,-197.5129805078716,2357.789522097196,5903.479630475152,0.0007973589542428557,-0.009518384983255612,-0.02383231893137307
1012.3747213055727,-197.51225545713638,2357.780866883639,5903.457959381762,0.0007964599807521862,-0.009507653585898874,-0.023805449448279555
1013.2870303398221,-197.51152924973348,2357.7721978624895,5903.436253716648,0.0007955610704235942,-0.009496922942532503,-0.02377858185304192
1014.1954913214248,-197.51080691918924,2357.763575120914,5903.41466392724,0.0007946684421445411,-0.009486267290442866,-0.02375190202243318
1015.1040478742431,-197.5100853225759,2357.7549611405584,5903.393096074346,0.0007937781945650472,-0.009475640057692867,-0.023725293348724204
1016.0084411187064,-197.50936783473847,2357.7463962082643,5903.3716510289505,0.0007928944732850862,-0.009465090731927086,-0.023698879740049698
1016.9205648558262,-197.50864502240972,2357.737767715439,5903.350046839451,0.0007920056599461111,-0.009454480620265835,-0.0236723139344584
1017.8302583253629,-197.50792494229987,2357.729171838177,5903.328524313439,0.0007911216662416944,-0.009443928042463032,-0.02364589218326982
1018.7351887459943,-197.5072094292071,2357.7206304791803,5903.307138291328,0.0007902447193327941,-0.009433459585008113,-0.023619681054257505
1019.6462297820916,-197.5064898850834,2357.712041000194,5903.285631785443,0.0007893642765017538,-0.009422949395366427,-0.023593365435377774
1020.5599465251464,-197.5057690322199,2357.70343589827,5903.2640861625405,0.0007884836817109597,-0.009412437391721864,-0.023567045274562073
1021.4686906103832,-197.50505289936567,2357.694887140939,5903.242681616334,0.0007876102862824636,-0.009402011329674394,-0.023540940296002087
1022.3776995769648,-197.50433735072517,2357.686345357595,5903.221294531734,0.000786739027191027,-0.00939161076991605,-0.023514899170573592
